-- phpMyAdmin SQL Dump
-- version 4.2.7.1
-- http://www.phpmyadmin.net
--
-- Host: 127.0.0.1
-- Generation Time: 04 Jan 2020 pada 17.03
-- Versi Server: 5.5.39
-- PHP Version: 5.4.31

SET SQL_MODE = "NO_AUTO_VALUE_ON_ZERO";
SET time_zone = "+00:00";


/*!40101 SET @OLD_CHARACTER_SET_CLIENT=@@CHARACTER_SET_CLIENT */;
/*!40101 SET @OLD_CHARACTER_SET_RESULTS=@@CHARACTER_SET_RESULTS */;
/*!40101 SET @OLD_COLLATION_CONNECTION=@@COLLATION_CONNECTION */;
/*!40101 SET NAMES utf8 */;

--
-- Database: `kominfo_eabsensi_non_pns`
--

-- --------------------------------------------------------

--
-- Struktur dari tabel `tbl_absensi`
--

CREATE TABLE IF NOT EXISTS `tbl_absensi` (
`id_absensi` int(11) NOT NULL,
  `id_pegawai` int(11) NOT NULL,
  `tgl_log` timestamp NOT NULL DEFAULT CURRENT_TIMESTAMP ON UPDATE CURRENT_TIMESTAMP,
  `lat` char(55) NOT NULL,
  `lng` char(55) NOT NULL,
  `image` varchar(222) NOT NULL
) ENGINE=InnoDB  DEFAULT CHARSET=latin1 AUTO_INCREMENT=4 ;

--
-- Dumping data untuk tabel `tbl_absensi`
--

INSERT INTO `tbl_absensi` (`id_absensi`, `id_pegawai`, `tgl_log`, `lat`, `lng`, `image`) VALUES
(1, 1, '2020-01-02 04:41:06', '1.0760616', '101.2254194', 'bukti_absensi/_202001021121.jpg'),
(2, 1, '2020-01-02 04:41:09', '1.0761036', '101.2254156', 'bukti_absensi/_202001021123.jpg'),
(3, 1, '2020-01-02 04:26:51', '1.0684689', '101.2249294', 'bukti_absensi/sam_202001021126.jpg');

-- --------------------------------------------------------

--
-- Struktur dari tabel `tbl_ijin`
--

CREATE TABLE IF NOT EXISTS `tbl_ijin` (
`id` int(11) NOT NULL,
  `id_pegawai` int(11) NOT NULL,
  `tanggal` date NOT NULL,
  `keterangan` text NOT NULL
) ENGINE=InnoDB DEFAULT CHARSET=latin1 AUTO_INCREMENT=1 ;

-- --------------------------------------------------------

--
-- Struktur dari tabel `tbl_jabatan`
--

CREATE TABLE IF NOT EXISTS `tbl_jabatan` (
`id_jabatan` int(11) NOT NULL,
  `nama_jabatan` varchar(222) NOT NULL
) ENGINE=InnoDB  DEFAULT CHARSET=latin1 AUTO_INCREMENT=4 ;

--
-- Dumping data untuk tabel `tbl_jabatan`
--

INSERT INTO `tbl_jabatan` (`id_jabatan`, `nama_jabatan`) VALUES
(1, 'Programmer'),
(2, 'lfdsgkk'),
(3, 'gnfgkhnfh');

-- --------------------------------------------------------

--
-- Struktur dari tabel `tbl_log`
--

CREATE TABLE IF NOT EXISTS `tbl_log` (
`logID` int(11) NOT NULL,
  `userName` varchar(30) NOT NULL DEFAULT '',
  `accessIP` varchar(30) DEFAULT NULL,
  `accessTime` int(13) NOT NULL DEFAULT '0',
  `accessUrl` varchar(50) DEFAULT NULL,
  `accessAction` varchar(15) DEFAULT NULL,
  `accessDescription` text
) ENGINE=InnoDB  DEFAULT CHARSET=latin1 AUTO_INCREMENT=374 ;

--
-- Dumping data untuk tabel `tbl_log`
--

INSERT INTO `tbl_log` (`logID`, `userName`, `accessIP`, `accessTime`, `accessUrl`, `accessAction`, `accessDescription`) VALUES
(1, '_', '::1', 1566364084, '/c_set_lokasi/', 'ERROR', 'Anda sudah logout silahkan login'),
(2, '_', '::1', 1566364093, '/login/proses', 'LOGIN', 'Login |nip : 0000 |Login Berhasil'),
(3, '_', '::1', 1566365133, '/c_set_lokasi/proses', 'DELETE', 'apps/c_set_lokasi/proses'),
(4, '_', '::1', 1566365237, '/c_set_lokasi/proses', 'DELETE', 'apps/c_set_lokasi/proses'),
(5, '_', '::1', 1566365237, '/c_set_lokasi/proses', 'DELETE', 'apps/c_set_lokasi/proses'),
(6, '_', '::1', 1566365237, '/c_set_lokasi/proses', 'DELETE', 'apps/c_set_lokasi/proses'),
(7, '_', '::1', 1566365237, '/c_set_lokasi/proses', 'DELETE', 'apps/c_set_lokasi/proses'),
(8, '_', '::1', 1566367399, '/c_set_lokasi/proses', 'DELETE', 'apps/c_set_lokasi/proses'),
(9, '_', '::1', 1566367399, '/c_set_lokasi/proses', 'DELETE', 'apps/c_set_lokasi/proses'),
(10, '_', '::1', 1566367399, '/c_set_lokasi/proses', 'DELETE', 'apps/c_set_lokasi/proses'),
(11, '_', '::1', 1566367399, '/c_set_lokasi/proses', 'DELETE', 'apps/c_set_lokasi/proses'),
(12, '_', '::1', 1566367446, '/c_set_lokasi/proses', 'DELETE', 'apps/c_set_lokasi/proses'),
(13, '_', '::1', 1566367446, '/c_set_lokasi/proses', 'DELETE', 'apps/c_set_lokasi/proses'),
(14, '_', '::1', 1566367446, '/c_set_lokasi/proses', 'DELETE', 'apps/c_set_lokasi/proses'),
(15, '_', '::1', 1566367446, '/c_set_lokasi/proses', 'DELETE', 'apps/c_set_lokasi/proses'),
(16, '_', '::1', 1566367785, '/c_set_lokasi/proses', 'DELETE', 'apps/c_set_lokasi/proses'),
(17, '_', '::1', 1566367786, '/c_set_lokasi/proses', 'DELETE', 'apps/c_set_lokasi/proses'),
(18, '_', '::1', 1566367786, '/c_set_lokasi/proses', 'DELETE', 'apps/c_set_lokasi/proses'),
(19, '_', '::1', 1566367786, '/c_set_lokasi/proses', 'DELETE', 'apps/c_set_lokasi/proses'),
(20, '_', '::1', 1566368448, '/c_set_lokasi/proses', 'DELETE', 'apps/c_set_lokasi/proses'),
(21, '_', '::1', 1566368448, '/c_set_lokasi/proses', 'DELETE', 'apps/c_set_lokasi/proses'),
(22, '_', '::1', 1566368449, '/c_set_lokasi/proses', 'DELETE', 'apps/c_set_lokasi/proses'),
(23, '_', '::1', 1566368449, '/c_set_lokasi/proses', 'DELETE', 'apps/c_set_lokasi/proses'),
(24, '_', '::1', 1566368476, '/c_set_lokasi/proses', 'DELETE', 'apps/c_set_lokasi/proses'),
(25, '_', '::1', 1566368477, '/c_set_lokasi/proses', 'DELETE', 'apps/c_set_lokasi/proses'),
(26, '_', '::1', 1566368477, '/c_set_lokasi/proses', 'DELETE', 'apps/c_set_lokasi/proses'),
(27, '_', '::1', 1566368477, '/c_set_lokasi/proses', 'DELETE', 'apps/c_set_lokasi/proses'),
(28, '_', '::1', 1566368875, '/c_set_lokasi/proses', 'DELETE', 'apps/c_set_lokasi/proses'),
(29, '_', '::1', 1566368875, '/c_set_lokasi/proses', 'DELETE', 'apps/c_set_lokasi/proses'),
(30, '_', '::1', 1566368875, '/c_set_lokasi/proses', 'DELETE', 'apps/c_set_lokasi/proses'),
(31, '_', '::1', 1566368875, '/c_set_lokasi/proses', 'DELETE', 'apps/c_set_lokasi/proses'),
(32, '_', '::1', 1566368875, '/c_set_lokasi/proses', 'DELETE', 'apps/c_set_lokasi/proses'),
(33, '_', '::1', 1566368876, '/c_set_lokasi/proses', 'DELETE', 'apps/c_set_lokasi/proses'),
(34, '_', '::1', 1566368876, '/c_set_lokasi/proses', 'DELETE', 'apps/c_set_lokasi/proses'),
(35, '_', '::1', 1566368876, '/c_set_lokasi/proses', 'DELETE', 'apps/c_set_lokasi/proses'),
(36, '_', '::1', 1566368876, '/c_set_lokasi/proses', 'DELETE', 'apps/c_set_lokasi/proses'),
(37, '_', '::1', 1566368876, '/c_set_lokasi/proses', 'DELETE', 'apps/c_set_lokasi/proses'),
(38, '_', '::1', 1566368876, '/c_set_lokasi/proses', 'DELETE', 'apps/c_set_lokasi/proses'),
(39, '_', '::1', 1566368876, '/c_set_lokasi/proses', 'DELETE', 'apps/c_set_lokasi/proses'),
(40, '_', '::1', 1566368876, '/c_set_lokasi/proses', 'DELETE', 'apps/c_set_lokasi/proses'),
(41, '_', '::1', 1566368876, '/c_set_lokasi/proses', 'DELETE', 'apps/c_set_lokasi/proses'),
(42, '_', '::1', 1566368877, '/c_set_lokasi/proses', 'DELETE', 'apps/c_set_lokasi/proses'),
(43, '_', '::1', 1566368877, '/c_set_lokasi/proses', 'DELETE', 'apps/c_set_lokasi/proses'),
(44, '_', '::1', 1566368877, '/c_set_lokasi/proses', 'DELETE', 'apps/c_set_lokasi/proses'),
(45, '_', '::1', 1566368877, '/c_set_lokasi/proses', 'DELETE', 'apps/c_set_lokasi/proses'),
(46, '_', '::1', 1566368877, '/c_set_lokasi/proses', 'DELETE', 'apps/c_set_lokasi/proses'),
(47, '_', '::1', 1566368877, '/c_set_lokasi/proses', 'DELETE', 'apps/c_set_lokasi/proses'),
(48, '_', '::1', 1566368877, '/c_set_lokasi/proses', 'DELETE', 'apps/c_set_lokasi/proses'),
(49, '_', '::1', 1566368877, '/c_set_lokasi/proses', 'DELETE', 'apps/c_set_lokasi/proses'),
(50, '_', '::1', 1566368878, '/c_set_lokasi/proses', 'DELETE', 'apps/c_set_lokasi/proses'),
(51, '_', '::1', 1566368878, '/c_set_lokasi/proses', 'DELETE', 'apps/c_set_lokasi/proses'),
(52, '_', '::1', 1566368878, '/c_set_lokasi/proses', 'DELETE', 'apps/c_set_lokasi/proses'),
(53, '_', '::1', 1566368878, '/c_set_lokasi/proses', 'DELETE', 'apps/c_set_lokasi/proses'),
(54, '_', '::1', 1566368878, '/c_set_lokasi/proses', 'DELETE', 'apps/c_set_lokasi/proses'),
(55, '_', '::1', 1566368878, '/c_set_lokasi/proses', 'DELETE', 'apps/c_set_lokasi/proses'),
(56, '_', '::1', 1566368878, '/c_set_lokasi/proses', 'DELETE', 'apps/c_set_lokasi/proses'),
(57, '_', '::1', 1566368878, '/c_set_lokasi/proses', 'DELETE', 'apps/c_set_lokasi/proses'),
(58, '_', '::1', 1566368878, '/c_set_lokasi/proses', 'DELETE', 'apps/c_set_lokasi/proses'),
(59, '_', '::1', 1566368878, '/c_set_lokasi/proses', 'DELETE', 'apps/c_set_lokasi/proses'),
(60, '_', '::1', 1566368879, '/c_set_lokasi/proses', 'DELETE', 'apps/c_set_lokasi/proses'),
(61, '_', '::1', 1566368879, '/c_set_lokasi/proses', 'DELETE', 'apps/c_set_lokasi/proses'),
(62, '_', '::1', 1566368879, '/c_set_lokasi/proses', 'DELETE', 'apps/c_set_lokasi/proses'),
(63, '_', '::1', 1566368879, '/c_set_lokasi/proses', 'DELETE', 'apps/c_set_lokasi/proses'),
(64, '_', '::1', 1566368879, '/c_set_lokasi/proses', 'DELETE', 'apps/c_set_lokasi/proses'),
(65, '_', '::1', 1566368879, '/c_set_lokasi/proses', 'DELETE', 'apps/c_set_lokasi/proses'),
(66, '_', '::1', 1566368879, '/c_set_lokasi/proses', 'DELETE', 'apps/c_set_lokasi/proses'),
(67, '_', '::1', 1566368879, '/c_set_lokasi/proses', 'DELETE', 'apps/c_set_lokasi/proses'),
(68, '_', '::1', 1566368879, '/c_set_lokasi/proses', 'DELETE', 'apps/c_set_lokasi/proses'),
(69, '_', '::1', 1566368879, '/c_set_lokasi/proses', 'DELETE', 'apps/c_set_lokasi/proses'),
(70, '_', '::1', 1566368879, '/c_set_lokasi/proses', 'DELETE', 'apps/c_set_lokasi/proses'),
(71, '_', '::1', 1566368880, '/c_set_lokasi/proses', 'DELETE', 'apps/c_set_lokasi/proses'),
(72, '_', '::1', 1566368880, '/c_set_lokasi/proses', 'DELETE', 'apps/c_set_lokasi/proses'),
(73, '_', '::1', 1566368880, '/c_set_lokasi/proses', 'DELETE', 'apps/c_set_lokasi/proses'),
(74, '_', '::1', 1566368880, '/c_set_lokasi/proses', 'DELETE', 'apps/c_set_lokasi/proses'),
(75, '_', '::1', 1566368880, '/c_set_lokasi/proses', 'DELETE', 'apps/c_set_lokasi/proses'),
(76, '_', '::1', 1566368880, '/c_set_lokasi/proses', 'DELETE', 'apps/c_set_lokasi/proses'),
(77, '_', '::1', 1566368880, '/c_set_lokasi/proses', 'DELETE', 'apps/c_set_lokasi/proses'),
(78, '_', '::1', 1566368880, '/c_set_lokasi/proses', 'DELETE', 'apps/c_set_lokasi/proses'),
(79, '_', '::1', 1566368881, '/c_set_lokasi/proses', 'DELETE', 'apps/c_set_lokasi/proses'),
(80, '_', '::1', 1566368881, '/c_set_lokasi/proses', 'DELETE', 'apps/c_set_lokasi/proses'),
(81, '_', '::1', 1566368881, '/c_set_lokasi/proses', 'DELETE', 'apps/c_set_lokasi/proses'),
(82, '_', '::1', 1566368881, '/c_set_lokasi/proses', 'DELETE', 'apps/c_set_lokasi/proses'),
(83, '_', '::1', 1566368881, '/c_set_lokasi/proses', 'DELETE', 'apps/c_set_lokasi/proses'),
(84, '_', '::1', 1566368881, '/c_set_lokasi/proses', 'DELETE', 'apps/c_set_lokasi/proses'),
(85, '_', '::1', 1566368881, '/c_set_lokasi/proses', 'DELETE', 'apps/c_set_lokasi/proses'),
(86, '_', '::1', 1566368881, '/c_set_lokasi/proses', 'DELETE', 'apps/c_set_lokasi/proses'),
(87, '_', '::1', 1566368881, '/c_set_lokasi/proses', 'DELETE', 'apps/c_set_lokasi/proses'),
(88, '_', '::1', 1566368881, '/c_set_lokasi/proses', 'DELETE', 'apps/c_set_lokasi/proses'),
(89, '_', '::1', 1566368881, '/c_set_lokasi/proses', 'DELETE', 'apps/c_set_lokasi/proses'),
(90, '_', '::1', 1566368882, '/c_set_lokasi/proses', 'DELETE', 'apps/c_set_lokasi/proses'),
(91, '_', '::1', 1566368882, '/c_set_lokasi/proses', 'DELETE', 'apps/c_set_lokasi/proses'),
(92, '_', '::1', 1566368882, '/c_set_lokasi/proses', 'DELETE', 'apps/c_set_lokasi/proses'),
(93, '_', '::1', 1566368882, '/c_set_lokasi/proses', 'DELETE', 'apps/c_set_lokasi/proses'),
(94, '_', '::1', 1566368882, '/c_set_lokasi/proses', 'DELETE', 'apps/c_set_lokasi/proses'),
(95, '_', '::1', 1566368882, '/c_set_lokasi/proses', 'DELETE', 'apps/c_set_lokasi/proses'),
(96, '_', '::1', 1566368882, '/c_set_lokasi/proses', 'DELETE', 'apps/c_set_lokasi/proses'),
(97, '_', '::1', 1566368882, '/c_set_lokasi/proses', 'DELETE', 'apps/c_set_lokasi/proses'),
(98, '_', '::1', 1566368882, '/c_set_lokasi/proses', 'DELETE', 'apps/c_set_lokasi/proses'),
(99, '_', '::1', 1566368883, '/c_set_lokasi/proses', 'DELETE', 'apps/c_set_lokasi/proses'),
(100, '_', '::1', 1566368883, '/c_set_lokasi/proses', 'DELETE', 'apps/c_set_lokasi/proses'),
(101, '_', '::1', 1566368883, '/c_set_lokasi/proses', 'DELETE', 'apps/c_set_lokasi/proses'),
(102, '_', '::1', 1566368883, '/c_set_lokasi/proses', 'DELETE', 'apps/c_set_lokasi/proses'),
(103, '_', '::1', 1566368883, '/c_set_lokasi/proses', 'DELETE', 'apps/c_set_lokasi/proses'),
(104, '_', '::1', 1566368883, '/c_set_lokasi/proses', 'DELETE', 'apps/c_set_lokasi/proses'),
(105, '_', '::1', 1566368883, '/c_set_lokasi/proses', 'DELETE', 'apps/c_set_lokasi/proses'),
(106, '_', '::1', 1566368883, '/c_set_lokasi/proses', 'DELETE', 'apps/c_set_lokasi/proses'),
(107, '_', '::1', 1566368884, '/c_set_lokasi/proses', 'DELETE', 'apps/c_set_lokasi/proses'),
(108, '_', '::1', 1566368884, '/c_set_lokasi/proses', 'DELETE', 'apps/c_set_lokasi/proses'),
(109, '_', '::1', 1566368884, '/c_set_lokasi/proses', 'DELETE', 'apps/c_set_lokasi/proses'),
(110, '_', '::1', 1566368884, '/c_set_lokasi/proses', 'DELETE', 'apps/c_set_lokasi/proses'),
(111, '_', '::1', 1566368884, '/c_set_lokasi/proses', 'DELETE', 'apps/c_set_lokasi/proses'),
(112, '_', '::1', 1566368884, '/c_set_lokasi/proses', 'DELETE', 'apps/c_set_lokasi/proses'),
(113, '_', '::1', 1566368884, '/c_set_lokasi/proses', 'DELETE', 'apps/c_set_lokasi/proses'),
(114, '_', '::1', 1566368885, '/c_set_lokasi/proses', 'DELETE', 'apps/c_set_lokasi/proses'),
(115, '_', '::1', 1566368885, '/c_set_lokasi/proses', 'DELETE', 'apps/c_set_lokasi/proses'),
(116, '_', '::1', 1566368885, '/c_set_lokasi/proses', 'DELETE', 'apps/c_set_lokasi/proses'),
(117, '_', '::1', 1566368886, '/c_set_lokasi/proses', 'DELETE', 'apps/c_set_lokasi/proses'),
(118, '_', '::1', 1566368886, '/c_set_lokasi/proses', 'DELETE', 'apps/c_set_lokasi/proses'),
(119, '_', '::1', 1566368886, '/c_set_lokasi/proses', 'DELETE', 'apps/c_set_lokasi/proses'),
(120, '_', '::1', 1566368886, '/c_set_lokasi/proses', 'DELETE', 'apps/c_set_lokasi/proses'),
(121, '_', '::1', 1566368886, '/c_set_lokasi/proses', 'DELETE', 'apps/c_set_lokasi/proses'),
(122, '_', '::1', 1566368886, '/c_set_lokasi/proses', 'DELETE', 'apps/c_set_lokasi/proses'),
(123, '_', '::1', 1566368886, '/c_set_lokasi/proses', 'DELETE', 'apps/c_set_lokasi/proses'),
(124, '_', '::1', 1566368886, '/c_set_lokasi/proses', 'DELETE', 'apps/c_set_lokasi/proses'),
(125, '_', '::1', 1566368887, '/c_set_lokasi/proses', 'DELETE', 'apps/c_set_lokasi/proses'),
(126, '_', '::1', 1566368887, '/c_set_lokasi/proses', 'DELETE', 'apps/c_set_lokasi/proses'),
(127, '_', '::1', 1566368887, '/c_set_lokasi/proses', 'DELETE', 'apps/c_set_lokasi/proses'),
(128, '_', '::1', 1566368887, '/c_set_lokasi/proses', 'DELETE', 'apps/c_set_lokasi/proses'),
(129, '_', '::1', 1566368887, '/c_set_lokasi/proses', 'DELETE', 'apps/c_set_lokasi/proses'),
(130, '_', '::1', 1566368887, '/c_set_lokasi/proses', 'DELETE', 'apps/c_set_lokasi/proses'),
(131, '_', '::1', 1566368887, '/c_set_lokasi/proses', 'DELETE', 'apps/c_set_lokasi/proses'),
(132, '_', '::1', 1566368887, '/c_set_lokasi/proses', 'DELETE', 'apps/c_set_lokasi/proses'),
(133, '_', '::1', 1566368887, '/c_set_lokasi/proses', 'DELETE', 'apps/c_set_lokasi/proses'),
(134, '_', '::1', 1566368888, '/c_set_lokasi/proses', 'DELETE', 'apps/c_set_lokasi/proses'),
(135, '_', '::1', 1566368888, '/c_set_lokasi/proses', 'DELETE', 'apps/c_set_lokasi/proses'),
(136, '_', '::1', 1566368888, '/c_set_lokasi/proses', 'DELETE', 'apps/c_set_lokasi/proses'),
(137, '_', '::1', 1566368888, '/c_set_lokasi/proses', 'DELETE', 'apps/c_set_lokasi/proses'),
(138, '_', '::1', 1566368888, '/c_set_lokasi/proses', 'DELETE', 'apps/c_set_lokasi/proses'),
(139, '_', '::1', 1566368888, '/c_set_lokasi/proses', 'DELETE', 'apps/c_set_lokasi/proses'),
(140, '_', '::1', 1566368888, '/c_set_lokasi/proses', 'DELETE', 'apps/c_set_lokasi/proses'),
(141, '_', '::1', 1566368888, '/c_set_lokasi/proses', 'DELETE', 'apps/c_set_lokasi/proses'),
(142, '_', '::1', 1566368888, '/c_set_lokasi/proses', 'DELETE', 'apps/c_set_lokasi/proses'),
(143, '_', '::1', 1566368888, '/c_set_lokasi/proses', 'DELETE', 'apps/c_set_lokasi/proses'),
(144, '_', '::1', 1566368888, '/c_set_lokasi/proses', 'DELETE', 'apps/c_set_lokasi/proses'),
(145, '_', '::1', 1566368889, '/c_set_lokasi/proses', 'DELETE', 'apps/c_set_lokasi/proses'),
(146, '_', '::1', 1566368889, '/c_set_lokasi/proses', 'DELETE', 'apps/c_set_lokasi/proses'),
(147, '_', '::1', 1566368889, '/c_set_lokasi/proses', 'DELETE', 'apps/c_set_lokasi/proses'),
(148, '_', '::1', 1566368889, '/c_set_lokasi/proses', 'DELETE', 'apps/c_set_lokasi/proses'),
(149, '_', '::1', 1566368889, '/c_set_lokasi/proses', 'DELETE', 'apps/c_set_lokasi/proses'),
(150, '_', '::1', 1566368889, '/c_set_lokasi/proses', 'DELETE', 'apps/c_set_lokasi/proses'),
(151, '_', '::1', 1566368889, '/c_set_lokasi/proses', 'DELETE', 'apps/c_set_lokasi/proses'),
(152, '_', '::1', 1566368889, '/c_set_lokasi/proses', 'DELETE', 'apps/c_set_lokasi/proses'),
(153, '_', '::1', 1566368889, '/c_set_lokasi/proses', 'DELETE', 'apps/c_set_lokasi/proses'),
(154, '_', '::1', 1566368889, '/c_set_lokasi/proses', 'DELETE', 'apps/c_set_lokasi/proses'),
(155, '_', '::1', 1566368889, '/c_set_lokasi/proses', 'DELETE', 'apps/c_set_lokasi/proses'),
(156, '_', '::1', 1566368889, '/c_set_lokasi/proses', 'DELETE', 'apps/c_set_lokasi/proses'),
(157, '_', '::1', 1566368890, '/c_set_lokasi/proses', 'DELETE', 'apps/c_set_lokasi/proses'),
(158, '_', '::1', 1566368890, '/c_set_lokasi/proses', 'DELETE', 'apps/c_set_lokasi/proses'),
(159, '_', '::1', 1566368890, '/c_set_lokasi/proses', 'DELETE', 'apps/c_set_lokasi/proses'),
(160, '_', '::1', 1566368890, '/c_set_lokasi/proses', 'DELETE', 'apps/c_set_lokasi/proses'),
(161, '_', '::1', 1566368890, '/c_set_lokasi/proses', 'DELETE', 'apps/c_set_lokasi/proses'),
(162, '_', '::1', 1566368890, '/c_set_lokasi/proses', 'DELETE', 'apps/c_set_lokasi/proses'),
(163, '_', '::1', 1566368890, '/c_set_lokasi/proses', 'DELETE', 'apps/c_set_lokasi/proses'),
(164, '_', '::1', 1566368890, '/c_set_lokasi/proses', 'DELETE', 'apps/c_set_lokasi/proses'),
(165, '_', '::1', 1566368890, '/c_set_lokasi/proses', 'DELETE', 'apps/c_set_lokasi/proses'),
(166, '_', '::1', 1566368890, '/c_set_lokasi/proses', 'DELETE', 'apps/c_set_lokasi/proses'),
(167, '_', '::1', 1566368891, '/c_set_lokasi/proses', 'DELETE', 'apps/c_set_lokasi/proses'),
(168, '_', '::1', 1566368891, '/c_set_lokasi/proses', 'DELETE', 'apps/c_set_lokasi/proses'),
(169, '_', '::1', 1566368891, '/c_set_lokasi/proses', 'DELETE', 'apps/c_set_lokasi/proses'),
(170, '_', '::1', 1566368891, '/c_set_lokasi/proses', 'DELETE', 'apps/c_set_lokasi/proses'),
(171, '_', '::1', 1566368891, '/c_set_lokasi/proses', 'DELETE', 'apps/c_set_lokasi/proses'),
(172, '_', '::1', 1566368891, '/c_set_lokasi/proses', 'DELETE', 'apps/c_set_lokasi/proses'),
(173, '_', '::1', 1566368891, '/c_set_lokasi/proses', 'DELETE', 'apps/c_set_lokasi/proses'),
(174, '_', '::1', 1566368891, '/c_set_lokasi/proses', 'DELETE', 'apps/c_set_lokasi/proses'),
(175, '_', '::1', 1566368891, '/c_set_lokasi/proses', 'DELETE', 'apps/c_set_lokasi/proses'),
(176, '_', '::1', 1566368891, '/c_set_lokasi/proses', 'DELETE', 'apps/c_set_lokasi/proses'),
(177, '_', '::1', 1566368892, '/c_set_lokasi/proses', 'DELETE', 'apps/c_set_lokasi/proses'),
(178, '_', '::1', 1566368892, '/c_set_lokasi/proses', 'DELETE', 'apps/c_set_lokasi/proses'),
(179, '_', '::1', 1566368892, '/c_set_lokasi/proses', 'DELETE', 'apps/c_set_lokasi/proses'),
(180, '_', '::1', 1566368892, '/c_set_lokasi/proses', 'DELETE', 'apps/c_set_lokasi/proses'),
(181, '_', '::1', 1566368892, '/c_set_lokasi/proses', 'DELETE', 'apps/c_set_lokasi/proses'),
(182, '_', '::1', 1566368892, '/c_set_lokasi/proses', 'DELETE', 'apps/c_set_lokasi/proses'),
(183, '_', '::1', 1566368892, '/c_set_lokasi/proses', 'DELETE', 'apps/c_set_lokasi/proses'),
(184, '_', '::1', 1566368892, '/c_set_lokasi/proses', 'DELETE', 'apps/c_set_lokasi/proses'),
(185, '_', '::1', 1566368893, '/c_set_lokasi/proses', 'DELETE', 'apps/c_set_lokasi/proses'),
(186, '_', '::1', 1566368893, '/c_set_lokasi/proses', 'DELETE', 'apps/c_set_lokasi/proses'),
(187, '_', '::1', 1566368893, '/c_set_lokasi/proses', 'DELETE', 'apps/c_set_lokasi/proses'),
(188, '_', '::1', 1566368893, '/c_set_lokasi/proses', 'DELETE', 'apps/c_set_lokasi/proses'),
(189, '_', '::1', 1566368893, '/c_set_lokasi/proses', 'DELETE', 'apps/c_set_lokasi/proses'),
(190, '_', '::1', 1566368893, '/c_set_lokasi/proses', 'DELETE', 'apps/c_set_lokasi/proses'),
(191, '_', '::1', 1566368893, '/c_set_lokasi/proses', 'DELETE', 'apps/c_set_lokasi/proses'),
(192, '_', '::1', 1566368893, '/c_set_lokasi/proses', 'DELETE', 'apps/c_set_lokasi/proses'),
(193, '_', '::1', 1566368893, '/c_set_lokasi/proses', 'DELETE', 'apps/c_set_lokasi/proses'),
(194, '_', '::1', 1566368894, '/c_set_lokasi/proses', 'DELETE', 'apps/c_set_lokasi/proses'),
(195, '_', '::1', 1566368894, '/c_set_lokasi/proses', 'DELETE', 'apps/c_set_lokasi/proses'),
(196, '_', '::1', 1566368894, '/c_set_lokasi/proses', 'DELETE', 'apps/c_set_lokasi/proses'),
(197, '_', '::1', 1566368894, '/c_set_lokasi/proses', 'DELETE', 'apps/c_set_lokasi/proses'),
(198, '_', '::1', 1566368894, '/c_set_lokasi/proses', 'DELETE', 'apps/c_set_lokasi/proses'),
(199, '_', '::1', 1566368894, '/c_set_lokasi/proses', 'DELETE', 'apps/c_set_lokasi/proses'),
(200, '_', '::1', 1566368894, '/c_set_lokasi/proses', 'DELETE', 'apps/c_set_lokasi/proses'),
(201, '_', '::1', 1566368895, '/c_set_lokasi/proses', 'DELETE', 'apps/c_set_lokasi/proses'),
(202, '_', '::1', 1566368895, '/c_set_lokasi/proses', 'DELETE', 'apps/c_set_lokasi/proses'),
(203, '_', '::1', 1566368895, '/c_set_lokasi/proses', 'DELETE', 'apps/c_set_lokasi/proses'),
(204, '_', '::1', 1566368895, '/c_set_lokasi/proses', 'DELETE', 'apps/c_set_lokasi/proses'),
(205, '_', '::1', 1566368895, '/c_set_lokasi/proses', 'DELETE', 'apps/c_set_lokasi/proses'),
(206, '_', '::1', 1566368895, '/c_set_lokasi/proses', 'DELETE', 'apps/c_set_lokasi/proses'),
(207, '_', '::1', 1566368896, '/c_set_lokasi/proses', 'DELETE', 'apps/c_set_lokasi/proses'),
(208, '_', '::1', 1566368896, '/c_set_lokasi/proses', 'DELETE', 'apps/c_set_lokasi/proses'),
(209, '_', '::1', 1566368897, '/c_set_lokasi/proses', 'DELETE', 'apps/c_set_lokasi/proses'),
(210, '_', '::1', 1566368897, '/c_set_lokasi/proses', 'DELETE', 'apps/c_set_lokasi/proses'),
(211, '_', '::1', 1566368897, '/c_set_lokasi/proses', 'DELETE', 'apps/c_set_lokasi/proses'),
(212, '_', '::1', 1566368897, '/c_set_lokasi/proses', 'DELETE', 'apps/c_set_lokasi/proses'),
(213, '_', '::1', 1566368897, '/c_set_lokasi/proses', 'DELETE', 'apps/c_set_lokasi/proses'),
(214, '_', '::1', 1566368898, '/c_set_lokasi/proses', 'DELETE', 'apps/c_set_lokasi/proses'),
(215, '_', '::1', 1566368898, '/c_set_lokasi/proses', 'DELETE', 'apps/c_set_lokasi/proses'),
(216, '_', '::1', 1566368898, '/c_set_lokasi/proses', 'DELETE', 'apps/c_set_lokasi/proses'),
(217, '_', '::1', 1566368898, '/c_set_lokasi/proses', 'DELETE', 'apps/c_set_lokasi/proses'),
(218, '_', '::1', 1566368898, '/c_set_lokasi/proses', 'DELETE', 'apps/c_set_lokasi/proses'),
(219, '_', '::1', 1566368898, '/c_set_lokasi/proses', 'DELETE', 'apps/c_set_lokasi/proses'),
(220, '_', '::1', 1566368898, '/c_set_lokasi/proses', 'DELETE', 'apps/c_set_lokasi/proses'),
(221, '_', '::1', 1566368899, '/c_set_lokasi/proses', 'DELETE', 'apps/c_set_lokasi/proses'),
(222, '_', '::1', 1566368899, '/c_set_lokasi/proses', 'DELETE', 'apps/c_set_lokasi/proses'),
(223, '_', '::1', 1566368899, '/c_set_lokasi/proses', 'DELETE', 'apps/c_set_lokasi/proses'),
(224, '_', '::1', 1566368899, '/c_set_lokasi/proses', 'DELETE', 'apps/c_set_lokasi/proses'),
(225, '_', '::1', 1566368899, '/c_set_lokasi/proses', 'DELETE', 'apps/c_set_lokasi/proses'),
(226, '_', '::1', 1566368899, '/c_set_lokasi/proses', 'DELETE', 'apps/c_set_lokasi/proses'),
(227, '_', '::1', 1566368899, '/c_set_lokasi/proses', 'DELETE', 'apps/c_set_lokasi/proses'),
(228, '_', '::1', 1566368899, '/c_set_lokasi/proses', 'DELETE', 'apps/c_set_lokasi/proses'),
(229, '_', '::1', 1566368899, '/c_set_lokasi/proses', 'DELETE', 'apps/c_set_lokasi/proses'),
(230, '_', '::1', 1566368899, '/c_set_lokasi/proses', 'DELETE', 'apps/c_set_lokasi/proses'),
(231, '_', '::1', 1566368900, '/c_set_lokasi/proses', 'DELETE', 'apps/c_set_lokasi/proses'),
(232, '_', '::1', 1566368900, '/c_set_lokasi/proses', 'DELETE', 'apps/c_set_lokasi/proses'),
(233, '_', '::1', 1566368900, '/c_set_lokasi/proses', 'DELETE', 'apps/c_set_lokasi/proses'),
(234, '_', '::1', 1566368900, '/c_set_lokasi/proses', 'DELETE', 'apps/c_set_lokasi/proses'),
(235, '_', '::1', 1566368900, '/c_set_lokasi/proses', 'DELETE', 'apps/c_set_lokasi/proses'),
(236, '_', '::1', 1566368900, '/c_set_lokasi/proses', 'DELETE', 'apps/c_set_lokasi/proses'),
(237, '_', '::1', 1566368900, '/c_set_lokasi/proses', 'DELETE', 'apps/c_set_lokasi/proses'),
(238, '_', '::1', 1566368900, '/c_set_lokasi/proses', 'DELETE', 'apps/c_set_lokasi/proses'),
(239, '_', '::1', 1566368900, '/c_set_lokasi/proses', 'DELETE', 'apps/c_set_lokasi/proses'),
(240, '_', '::1', 1566368901, '/c_set_lokasi/proses', 'DELETE', 'apps/c_set_lokasi/proses'),
(241, '_', '::1', 1566368901, '/c_set_lokasi/proses', 'DELETE', 'apps/c_set_lokasi/proses'),
(242, '_', '::1', 1566368901, '/c_set_lokasi/proses', 'DELETE', 'apps/c_set_lokasi/proses'),
(243, '_', '::1', 1566368901, '/c_set_lokasi/proses', 'DELETE', 'apps/c_set_lokasi/proses'),
(244, '_', '::1', 1566368901, '/c_set_lokasi/proses', 'DELETE', 'apps/c_set_lokasi/proses'),
(245, '_', '::1', 1566368901, '/c_set_lokasi/proses', 'DELETE', 'apps/c_set_lokasi/proses'),
(246, '_', '::1', 1566368901, '/c_set_lokasi/proses', 'DELETE', 'apps/c_set_lokasi/proses'),
(247, '_', '::1', 1566368901, '/c_set_lokasi/proses', 'DELETE', 'apps/c_set_lokasi/proses'),
(248, '_', '::1', 1566368901, '/c_set_lokasi/proses', 'DELETE', 'apps/c_set_lokasi/proses'),
(249, '_', '::1', 1566368901, '/c_set_lokasi/proses', 'DELETE', 'apps/c_set_lokasi/proses'),
(250, '_', '::1', 1566368901, '/c_set_lokasi/proses', 'DELETE', 'apps/c_set_lokasi/proses'),
(251, '_', '::1', 1566368902, '/c_set_lokasi/proses', 'DELETE', 'apps/c_set_lokasi/proses'),
(252, '_', '::1', 1566368902, '/c_set_lokasi/proses', 'DELETE', 'apps/c_set_lokasi/proses'),
(253, '_', '::1', 1566368902, '/c_set_lokasi/proses', 'DELETE', 'apps/c_set_lokasi/proses'),
(254, '_', '::1', 1566368902, '/c_set_lokasi/proses', 'DELETE', 'apps/c_set_lokasi/proses'),
(255, '_', '::1', 1566368902, '/c_set_lokasi/proses', 'DELETE', 'apps/c_set_lokasi/proses'),
(256, '_', '::1', 1566368902, '/c_set_lokasi/proses', 'DELETE', 'apps/c_set_lokasi/proses'),
(257, '_', '::1', 1566368902, '/c_set_lokasi/proses', 'DELETE', 'apps/c_set_lokasi/proses'),
(258, '_', '::1', 1566368902, '/c_set_lokasi/proses', 'DELETE', 'apps/c_set_lokasi/proses'),
(259, '_', '::1', 1566368902, '/c_set_lokasi/proses', 'DELETE', 'apps/c_set_lokasi/proses'),
(260, '_', '::1', 1566368902, '/c_set_lokasi/proses', 'DELETE', 'apps/c_set_lokasi/proses'),
(261, '_', '::1', 1566368902, '/c_set_lokasi/proses', 'DELETE', 'apps/c_set_lokasi/proses'),
(262, '_', '::1', 1566368902, '/c_set_lokasi/proses', 'DELETE', 'apps/c_set_lokasi/proses'),
(263, '_', '::1', 1566368902, '/c_set_lokasi/proses', 'DELETE', 'apps/c_set_lokasi/proses'),
(264, '_', '::1', 1566368903, '/c_set_lokasi/proses', 'DELETE', 'apps/c_set_lokasi/proses'),
(265, '_', '::1', 1566368903, '/c_set_lokasi/proses', 'DELETE', 'apps/c_set_lokasi/proses'),
(266, '_', '::1', 1566368903, '/c_set_lokasi/proses', 'DELETE', 'apps/c_set_lokasi/proses'),
(267, '_', '::1', 1566368903, '/c_set_lokasi/proses', 'DELETE', 'apps/c_set_lokasi/proses'),
(268, '_', '::1', 1566368903, '/c_set_lokasi/proses', 'DELETE', 'apps/c_set_lokasi/proses'),
(269, '_', '::1', 1566368903, '/c_set_lokasi/proses', 'DELETE', 'apps/c_set_lokasi/proses'),
(270, '_', '::1', 1566368903, '/c_set_lokasi/proses', 'DELETE', 'apps/c_set_lokasi/proses'),
(271, '_', '::1', 1566368903, '/c_set_lokasi/proses', 'DELETE', 'apps/c_set_lokasi/proses'),
(272, '_', '::1', 1566368903, '/c_set_lokasi/proses', 'DELETE', 'apps/c_set_lokasi/proses'),
(273, '_', '::1', 1566368903, '/c_set_lokasi/proses', 'DELETE', 'apps/c_set_lokasi/proses'),
(274, '_', '::1', 1566368903, '/c_set_lokasi/proses', 'DELETE', 'apps/c_set_lokasi/proses'),
(275, '_', '::1', 1566368903, '/c_set_lokasi/proses', 'DELETE', 'apps/c_set_lokasi/proses'),
(276, '_', '::1', 1566368904, '/c_set_lokasi/proses', 'DELETE', 'apps/c_set_lokasi/proses'),
(277, '_', '::1', 1566368939, '/c_set_lokasi/proses', 'DELETE', 'apps/c_set_lokasi/proses'),
(278, '_', '::1', 1566368939, '/c_set_lokasi/proses', 'DELETE', 'apps/c_set_lokasi/proses'),
(279, '_', '::1', 1566368939, '/c_set_lokasi/proses', 'DELETE', 'apps/c_set_lokasi/proses'),
(280, '_', '::1', 1566368939, '/c_set_lokasi/proses', 'DELETE', 'apps/c_set_lokasi/proses'),
(281, '_', '::1', 1566369513, '/c_set_lokasi/proses', 'DELETE', 'apps/c_set_lokasi/proses'),
(282, '_', '::1', 1566369513, '/c_set_lokasi/proses', 'DELETE', 'apps/c_set_lokasi/proses'),
(283, '_', '::1', 1566369513, '/c_set_lokasi/proses', 'DELETE', 'apps/c_set_lokasi/proses'),
(284, '_', '::1', 1566369513, '/c_set_lokasi/proses', 'DELETE', 'apps/c_set_lokasi/proses'),
(285, '_', '::1', 1566369987, '/c_set_lokasi_opd/proses', 'DELETE', 'apps/c_set_lokasi_opd/proses'),
(286, '_', '::1', 1566369987, '/c_set_lokasi_opd/proses', 'DELETE', 'apps/c_set_lokasi_opd/proses'),
(287, '_', '::1', 1566369987, '/c_set_lokasi_opd/proses', 'DELETE', 'apps/c_set_lokasi_opd/proses'),
(288, '_', '::1', 1566369987, '/c_set_lokasi_opd/proses', 'DELETE', 'apps/c_set_lokasi_opd/proses'),
(289, '_', '::1', 1566370716, '/c_set_lokasi_opd/proses', 'DELETE', 'apps/c_set_lokasi_opd/proses'),
(290, '_', '::1', 1566370716, '/c_set_lokasi_opd/proses', 'DELETE', 'apps/c_set_lokasi_opd/proses'),
(291, '_', '::1', 1566370717, '/c_set_lokasi_opd/proses', 'DELETE', 'apps/c_set_lokasi_opd/proses'),
(292, '_', '::1', 1566370717, '/c_set_lokasi_opd/proses', 'DELETE', 'apps/c_set_lokasi_opd/proses'),
(293, '_', '::1', 1566370717, '/c_set_lokasi_opd/proses', 'DELETE', 'apps/c_set_lokasi_opd/proses'),
(294, '_', '::1', 1566370717, '/c_set_lokasi_opd/proses', 'DELETE', 'apps/c_set_lokasi_opd/proses'),
(295, '_', '::1', 1566370717, '/c_set_lokasi_opd/proses', 'DELETE', 'apps/c_set_lokasi_opd/proses'),
(296, '_', '::1', 1566370717, '/c_set_lokasi_opd/proses', 'DELETE', 'apps/c_set_lokasi_opd/proses'),
(297, '_', '::1', 1566370717, '/c_set_lokasi_opd/proses', 'DELETE', 'apps/c_set_lokasi_opd/proses'),
(298, '_', '::1', 1566370717, '/c_set_lokasi_opd/proses', 'DELETE', 'apps/c_set_lokasi_opd/proses'),
(299, '_', '::1', 1566370717, '/c_set_lokasi_opd/proses', 'DELETE', 'apps/c_set_lokasi_opd/proses'),
(300, '_', '::1', 1566370718, '/c_set_lokasi_opd/proses', 'DELETE', 'apps/c_set_lokasi_opd/proses'),
(301, '_', '::1', 1566370718, '/c_set_lokasi_opd/proses', 'DELETE', 'apps/c_set_lokasi_opd/proses'),
(302, '_', '::1', 1566370718, '/c_set_lokasi_opd/proses', 'DELETE', 'apps/c_set_lokasi_opd/proses'),
(303, '_', '::1', 1566370718, '/c_set_lokasi_opd/proses', 'DELETE', 'apps/c_set_lokasi_opd/proses'),
(304, '_', '::1', 1566370718, '/c_set_lokasi_opd/proses', 'DELETE', 'apps/c_set_lokasi_opd/proses'),
(305, '_', '::1', 1566370718, '/c_set_lokasi_opd/proses', 'DELETE', 'apps/c_set_lokasi_opd/proses'),
(306, '_', '::1', 1566370718, '/c_set_lokasi_opd/proses', 'DELETE', 'apps/c_set_lokasi_opd/proses'),
(307, '_', '::1', 1566370718, '/c_set_lokasi_opd/proses', 'DELETE', 'apps/c_set_lokasi_opd/proses'),
(308, '_', '::1', 1566370718, '/c_set_lokasi_opd/proses', 'DELETE', 'apps/c_set_lokasi_opd/proses'),
(309, '_', '::1', 1566370718, '/c_set_lokasi_opd/proses', 'DELETE', 'apps/c_set_lokasi_opd/proses'),
(310, '_', '::1', 1566370718, '/c_set_lokasi_opd/proses', 'DELETE', 'apps/c_set_lokasi_opd/proses'),
(311, '_', '::1', 1566370719, '/c_set_lokasi_opd/proses', 'DELETE', 'apps/c_set_lokasi_opd/proses'),
(312, '_', '::1', 1566370719, '/c_set_lokasi_opd/proses', 'DELETE', 'apps/c_set_lokasi_opd/proses'),
(313, '_', '::1', 1566370719, '/c_set_lokasi_opd/proses', 'DELETE', 'apps/c_set_lokasi_opd/proses'),
(314, '_', '::1', 1566370719, '/c_set_lokasi_opd/proses', 'DELETE', 'apps/c_set_lokasi_opd/proses'),
(315, '_', '::1', 1566370719, '/c_set_lokasi_opd/proses', 'DELETE', 'apps/c_set_lokasi_opd/proses'),
(316, '_', '::1', 1566370719, '/c_set_lokasi_opd/proses', 'DELETE', 'apps/c_set_lokasi_opd/proses'),
(317, '_', '::1', 1566370719, '/c_set_lokasi_opd/proses', 'DELETE', 'apps/c_set_lokasi_opd/proses'),
(318, '_', '::1', 1566783726, '/home', 'ERROR', 'Anda sudah logout silahkan login'),
(319, '_', '::1', 1566783786, '/login/proses', 'LOGIN', 'Login |nip : 0000 |Login Berhasil'),
(320, '_', '::1', 1566783956, '/c_set_lokasi_opd/proses', 'DELETE', 'apps/c_set_lokasi_opd/proses'),
(321, '_', '::1', 1566783956, '/c_set_lokasi_opd/proses', 'DELETE', 'apps/c_set_lokasi_opd/proses'),
(322, '_', '::1', 1566783956, '/c_set_lokasi_opd/proses', 'DELETE', 'apps/c_set_lokasi_opd/proses'),
(323, '_', '::1', 1566783956, '/c_set_lokasi_opd/proses', 'DELETE', 'apps/c_set_lokasi_opd/proses'),
(324, '_', '::1', 1566783956, '/c_set_lokasi_opd/proses', 'DELETE', 'apps/c_set_lokasi_opd/proses'),
(325, '_', '::1', 1566783956, '/c_set_lokasi_opd/proses', 'DELETE', 'apps/c_set_lokasi_opd/proses'),
(326, '_', '::1', 1566783956, '/c_set_lokasi_opd/proses', 'DELETE', 'apps/c_set_lokasi_opd/proses'),
(327, '_', '::1', 1566783957, '/c_set_lokasi_opd/proses', 'DELETE', 'apps/c_set_lokasi_opd/proses'),
(328, '_', '::1', 1566783957, '/c_set_lokasi_opd/proses', 'DELETE', 'apps/c_set_lokasi_opd/proses'),
(329, '_', '::1', 1566783957, '/c_set_lokasi_opd/proses', 'DELETE', 'apps/c_set_lokasi_opd/proses'),
(330, '_', '::1', 1566783957, '/c_set_lokasi_opd/proses', 'DELETE', 'apps/c_set_lokasi_opd/proses'),
(331, '_', '::1', 1566783957, '/c_set_lokasi_opd/proses', 'DELETE', 'apps/c_set_lokasi_opd/proses'),
(332, '_', '::1', 1566783957, '/c_set_lokasi_opd/proses', 'DELETE', 'apps/c_set_lokasi_opd/proses'),
(333, '_', '::1', 1566783958, '/c_set_lokasi_opd/proses', 'DELETE', 'apps/c_set_lokasi_opd/proses'),
(334, '_', '::1', 1566783958, '/c_set_lokasi_opd/proses', 'DELETE', 'apps/c_set_lokasi_opd/proses'),
(335, '_', '::1', 1566783958, '/c_set_lokasi_opd/proses', 'DELETE', 'apps/c_set_lokasi_opd/proses'),
(336, '_', '::1', 1566783958, '/c_set_lokasi_opd/proses', 'DELETE', 'apps/c_set_lokasi_opd/proses'),
(337, '_', '::1', 1566783958, '/c_set_lokasi_opd/proses', 'DELETE', 'apps/c_set_lokasi_opd/proses'),
(338, '_', '::1', 1566783958, '/c_set_lokasi_opd/proses', 'DELETE', 'apps/c_set_lokasi_opd/proses'),
(339, '_', '::1', 1566783958, '/c_set_lokasi_opd/proses', 'DELETE', 'apps/c_set_lokasi_opd/proses'),
(340, '_', '::1', 1566783959, '/c_set_lokasi_opd/proses', 'DELETE', 'apps/c_set_lokasi_opd/proses'),
(341, '_', '::1', 1566783959, '/c_set_lokasi_opd/proses', 'DELETE', 'apps/c_set_lokasi_opd/proses'),
(342, '_', '::1', 1566783959, '/c_set_lokasi_opd/proses', 'DELETE', 'apps/c_set_lokasi_opd/proses'),
(343, '_', '::1', 1566783959, '/c_set_lokasi_opd/proses', 'DELETE', 'apps/c_set_lokasi_opd/proses'),
(344, '_', '::1', 1566783959, '/c_set_lokasi_opd/proses', 'DELETE', 'apps/c_set_lokasi_opd/proses'),
(345, '_', '::1', 1566783959, '/c_set_lokasi_opd/proses', 'DELETE', 'apps/c_set_lokasi_opd/proses'),
(346, '_', '::1', 1566783960, '/c_set_lokasi_opd/proses', 'DELETE', 'apps/c_set_lokasi_opd/proses'),
(347, '_', '::1', 1566783960, '/c_set_lokasi_opd/proses', 'DELETE', 'apps/c_set_lokasi_opd/proses'),
(348, '_', '::1', 1566783960, '/c_set_lokasi_opd/proses', 'DELETE', 'apps/c_set_lokasi_opd/proses'),
(349, '_', '::1', 1566785042, '/c_set_lokasi/proses', 'DELETE', 'apps/c_set_lokasi/proses'),
(350, '_', '::1', 1566806568, '/home', 'ERROR', 'Anda sudah logout silahkan login'),
(351, '_', '::1', 1578147933, '/home', 'ERROR', 'Anda sudah logout silahkan login'),
(352, '_', '::1', 1578147993, '/login/proses', 'LOGIN', 'Login |nip : 0000 |Login Berhasil'),
(353, '1_berkat.junaidi.b@gmail.com', '::1', 1578149868, '/login/proses', 'LOGIN', 'Login |userName : berkat.junaidi.b@gmail.com |Login Berhasil'),
(354, '1_berkat.junaidi.b@gmail.com', '::1', 1578149890, '/login/proses', 'LOGIN', 'Login |userName : berkat.junaidi.b@gmail.com |Login Berhasil'),
(355, '1_berkat.junaidi.b@gmail.com', '::1', 1578149922, '/login/proses', 'LOGIN', 'Login |userName : berkat.junaidi.b@gmail.com |Login Berhasil'),
(356, '1_berkat.junaidi.b@gmail.com', '::1', 1578149932, '/login/proses', 'LOGIN', 'Login |userName : berkat.junaidi.b@gmail.com |Login Berhasil'),
(357, '1_berkat.junaidi.b@gmail.com', '::1', 1578150865, '/c_jabatan/crud/add', 'UPDATE', 'apps/c_jabatan/update'),
(358, '1_berkat.junaidi.b@gmail.com', '::1', 1578150878, '/c_jabatan/crud/add', 'UPDATE', 'apps/c_jabatan/update'),
(359, '1_berkat.junaidi.b@gmail.com', '::1', 1578151365, '/c_pegawai/crud/add', 'UPDATE', 'apps/c_pegawai/update'),
(360, '1_berkat.junaidi.b@gmail.com', '::1', 1578151409, '/c_pegawai/crud/add', 'UPDATE', 'apps/c_pegawai/update'),
(361, '1_berkat.junaidi.b@gmail.com', '::1', 1578152076, '/c_pegawai/crud/edit', 'UPDATE', 'apps/c_pegawai/update'),
(362, '1_berkat.junaidi.b@gmail.com', '::1', 1578152190, '/c_pegawai/crud/edit', 'UPDATE', 'apps/c_pegawai/update'),
(363, '1_berkat.junaidi.b@gmail.com', '::1', 1578152473, '/c_pegawai/crud/edit', 'UPDATE', 'apps/c_pegawai/update'),
(364, '1_berkat.junaidi.b@gmail.com', '::1', 1578153189, '/c_set_lokasi/proses', 'DELETE', 'apps/c_set_lokasi/proses'),
(365, '1_berkat.junaidi.b@gmail.com', '::1', 1578153190, '/c_set_lokasi/proses', 'DELETE', 'apps/c_set_lokasi/proses'),
(366, '1_berkat.junaidi.b@gmail.com', '::1', 1578153190, '/c_set_lokasi/proses', 'DELETE', 'apps/c_set_lokasi/proses'),
(367, '1_berkat.junaidi.b@gmail.com', '::1', 1578153265, '/c_set_lokasi/proses', 'DELETE', 'apps/c_set_lokasi/proses'),
(368, '1_berkat.junaidi.b@gmail.com', '::1', 1578153265, '/c_set_lokasi/proses', 'DELETE', 'apps/c_set_lokasi/proses'),
(369, '1_berkat.junaidi.b@gmail.com', '::1', 1578153266, '/c_set_lokasi/proses', 'DELETE', 'apps/c_set_lokasi/proses'),
(370, '1_berkat.junaidi.b@gmail.com', '::1', 1578153326, '/c_set_lokasi/proses', 'DELETE', 'apps/c_set_lokasi/proses'),
(371, '1_berkat.junaidi.b@gmail.com', '::1', 1578153326, '/c_set_lokasi/proses', 'DELETE', 'apps/c_set_lokasi/proses'),
(372, '1_berkat.junaidi.b@gmail.com', '::1', 1578153326, '/c_set_lokasi/proses', 'DELETE', 'apps/c_set_lokasi/proses'),
(373, '1_berkat.junaidi.b@gmail.com', '::1', 1578153364, '/c_set_lokasi_opd/proses', 'DELETE', 'apps/c_set_lokasi_opd/proses');

-- --------------------------------------------------------

--
-- Struktur dari tabel `tbl_opd_lokasi`
--

CREATE TABLE IF NOT EXISTS `tbl_opd_lokasi` (
`id_opd_lokasi` int(11) NOT NULL,
  `nama_lokasi` varchar(200) NOT NULL,
  `koordinat` varchar(500) DEFAULT NULL,
  `created_by` int(11) NOT NULL,
  `created_on` datetime NOT NULL,
  `updated_by` int(11) NOT NULL,
  `updated_on` datetime NOT NULL
) ENGINE=InnoDB  DEFAULT CHARSET=latin1 AUTO_INCREMENT=90 ;

--
-- Dumping data untuk tabel `tbl_opd_lokasi`
--

INSERT INTO `tbl_opd_lokasi` (`id_opd_lokasi`, `nama_lokasi`, `koordinat`, `created_by`, `created_on`, `updated_by`, `updated_on`) VALUES
(10, 'DINAS PEMBERDAYAAN PEREMPUAN, PERLINDUNGAN ANAK DAN PEMERINTAHAN DESA', '(2.5527307783937245, 98.3178905766963),(2.5437274678424937, 98.31780474600782),(2.5430414987447225, 98.3329109471797),(2.5538454696023156, 98.3317951482295)', 0, '0000-00-00 00:00:00', 0, '0000-00-00 00:00:00'),
(11, 'DINAS SOSIAL', '(2.5527307783937245, 98.3178905766963),(2.5437274678424937, 98.31780474600782),(2.5430414987447225, 98.3329109471797),(2.5538454696023156, 98.3317951482295)', 0, '0000-00-00 00:00:00', 0, '0000-00-00 00:00:00'),
(12, 'DINAS KOMUNIKASI DAN INFORMATIKA', '(2.5527307783937245, 98.3178905766963),(2.5437274678424937, 98.31780474600782),(2.5430414987447225, 98.3329109471797),(2.5538454696023156, 98.3317951482295)', 0, '0000-00-00 00:00:00', 0, '0000-00-00 00:00:00'),
(13, 'DINAS PARIWISATA', '(2.5527307783937245, 98.3178905766963),(2.5437274678424937, 98.31780474600782),(2.5430414987447225, 98.3329109471797),(2.5538454696023156, 98.3317951482295)', 0, '0000-00-00 00:00:00', 0, '0000-00-00 00:00:00'),
(14, 'DINAS KESEHATAN', '(2.5527307783937245, 98.3178905766963),(2.5437274678424937, 98.31780474600782),(2.5430414987447225, 98.3329109471797),(2.5538454696023156, 98.3317951482295)', 0, '0000-00-00 00:00:00', 0, '0000-00-00 00:00:00'),
(15, 'BADAN PENGELOLA KEUANGAN, PENDAPATAN DAN ASSET DAERAH', '(2.5527307783937245, 98.3178905766963),(2.5437274678424937, 98.31780474600782),(2.5430414987447225, 98.3329109471797),(2.5538454696023156, 98.3317951482295)', 0, '0000-00-00 00:00:00', 0, '0000-00-00 00:00:00'),
(16, 'BADAN PERENCANAAN PEMBANGUNAN DAERAH', '(2.5527307783937245, 98.3178905766963),(2.5437274678424937, 98.31780474600782),(2.5430414987447225, 98.3329109471797),(2.5538454696023156, 98.3317951482295)', 0, '0000-00-00 00:00:00', 0, '0000-00-00 00:00:00'),
(17, 'BADAN PENANGGULANGAN BENCANA DAERAH', '(2.5527307783937245, 98.3178905766963),(2.5437274678424937, 98.31780474600782),(2.5430414987447225, 98.3329109471797),(2.5538454696023156, 98.3317951482295)', 0, '0000-00-00 00:00:00', 0, '0000-00-00 00:00:00'),
(18, 'INSPEKTORAT', '(2.5527307783937245, 98.3178905766963),(2.5437274678424937, 98.31780474600782),(2.5430414987447225, 98.3329109471797),(2.5538454696023156, 98.3317951482295)', 0, '0000-00-00 00:00:00', 0, '0000-00-00 00:00:00'),
(19, 'BADAN KEPEGAWAIAN DAERAH', '(2.5527307783937245, 98.3178905766963),(2.5437274678424937, 98.31780474600782),(2.5430414987447225, 98.3329109471797),(2.5538454696023156, 98.3317951482295)', 0, '0000-00-00 00:00:00', 0, '0000-00-00 00:00:00'),
(20, 'SATUAN POLISI PAMONG PRAJA', '(2.5527307783937245, 98.3178905766963),(2.5437274678424937, 98.31780474600782),(2.5430414987447225, 98.3329109471797),(2.5538454696023156, 98.3317951482295)', 0, '0000-00-00 00:00:00', 0, '0000-00-00 00:00:00'),
(21, 'KECAMATAN SALAK', '(2.5527307783937245, 98.3178905766963),(2.5437274678424937, 98.31780474600782),(2.5430414987447225, 98.3329109471797),(2.5538454696023156, 98.3317951482295)', 0, '0000-00-00 00:00:00', 0, '0000-00-00 00:00:00'),
(22, 'KECAMATAN STTU JEHE', '(2.5527307783937245, 98.3178905766963),(2.5437274678424937, 98.31780474600782),(2.5430414987447225, 98.3329109471797),(2.5538454696023156, 98.3317951482295)', 0, '0000-00-00 00:00:00', 0, '0000-00-00 00:00:00'),
(23, 'KECAMATAN KERAJAAN', '(2.5527307783937245, 98.3178905766963),(2.5437274678424937, 98.31780474600782),(2.5430414987447225, 98.3329109471797),(2.5538454696023156, 98.3317951482295)', 0, '0000-00-00 00:00:00', 0, '0000-00-00 00:00:00'),
(24, 'KECAMATAN SIEMPAT RUBE', '(2.5527307783937245, 98.3178905766963),(2.5437274678424937, 98.31780474600782),(2.5430414987447225, 98.3329109471797),(2.5538454696023156, 98.3317951482295)', 0, '0000-00-00 00:00:00', 0, '0000-00-00 00:00:00'),
(25, 'KECAMATAN TINADA', '(2.5527307783937245, 98.3178905766963),(2.5437274678424937, 98.31780474600782),(2.5430414987447225, 98.3329109471797),(2.5538454696023156, 98.3317951482295)', 0, '0000-00-00 00:00:00', 0, '0000-00-00 00:00:00'),
(26, 'KECAMATAN STTU JULU', '(2.5527307783937245, 98.3178905766963),(2.5437274678424937, 98.31780474600782),(2.5430414987447225, 98.3329109471797),(2.5538454696023156, 98.3317951482295)', 0, '0000-00-00 00:00:00', 0, '0000-00-00 00:00:00'),
(27, 'KECAMATAN PERGETTENG GETTENG SENGKUT', '(2.5527307783937245, 98.3178905766963),(2.5437274678424937, 98.31780474600782),(2.5430414987447225, 98.3329109471797),(2.5538454696023156, 98.3317951482295)', 0, '0000-00-00 00:00:00', 0, '0000-00-00 00:00:00'),
(28, 'KECAMATAN PAGINDAR', '(2.5527307783937245, 98.3178905766963),(2.5437274678424937, 98.31780474600782),(2.5430414987447225, 98.3329109471797),(2.5538454696023156, 98.3317951482295)', 0, '0000-00-00 00:00:00', 0, '0000-00-00 00:00:00'),
(29, 'RUMAH SAKIT UMUM DAERAH', '(2.5527307783937245, 98.3178905766963),(2.5437274678424937, 98.31780474600782),(2.5430414987447225, 98.3329109471797),(2.5538454696023156, 98.3317951482295)', 0, '0000-00-00 00:00:00', 0, '0000-00-00 00:00:00'),
(81, 'SEKRETARIAT DAERAH', '(2.5527307783937245, 98.3178905766963),(2.5437274678424937, 98.31780474600782),(2.5430414987447225, 98.3329109471797),(2.5538454696023156, 98.3317951482295)', 0, '0000-00-00 00:00:00', 0, '0000-00-00 00:00:00'),
(82, 'SEKRETARIAT DPRD', '(2.5527307783937245, 98.3178905766963),(2.5437274678424937, 98.31780474600782),(2.5430414987447225, 98.3329109471797),(2.5538454696023156, 98.3317951482295)', 0, '0000-00-00 00:00:00', 0, '0000-00-00 00:00:00'),
(83, 'DINAS PENDIDIKAN', '(2.5527307783937245, 98.3178905766963),(2.5437274678424937, 98.31780474600782),(2.5430414987447225, 98.3329109471797),(2.5538454696023156, 98.3317951482295)', 0, '0000-00-00 00:00:00', 0, '0000-00-00 00:00:00'),
(84, 'DINAS KEPENDUDUKAN DAN PENCATATAN SIPIL', '(2.5527307783937245, 98.3178905766963),(2.5437274678424937, 98.31780474600782),(2.5430414987447225, 98.3329109471797),(2.5538454696023156, 98.3317951482295)', 0, '0000-00-00 00:00:00', 0, '0000-00-00 00:00:00'),
(85, 'DINAS PEKERJAAN UMUM DAN PENATAAN RUANG', '(2.5527307783937245, 98.3178905766963),(2.5437274678424937, 98.31780474600782),(2.5430414987447225, 98.3329109471797),(2.5538454696023156, 98.3317951482295)', 0, '0000-00-00 00:00:00', 0, '0000-00-00 00:00:00'),
(86, 'DINAS PERTANIAN DAN KETAHANAN PANGAN', '(2.5527307783937245, 98.3178905766963),(2.5437274678424937, 98.31780474600782),(2.5430414987447225, 98.3329109471797),(2.5538454696023156, 98.3317951482295)', 0, '0000-00-00 00:00:00', 0, '0000-00-00 00:00:00'),
(87, 'DINAS PERUMAHAN RAKYAT DAN KAWASAN PERMUKIMAN', '(2.5527307783937245, 98.3178905766963),(2.5437274678424937, 98.31780474600782),(2.5430414987447225, 98.3329109471797),(2.5538454696023156, 98.3317951482295)', 0, '0000-00-00 00:00:00', 0, '0000-00-00 00:00:00'),
(88, 'DINAS PENANAMAN MODAL DAN PELAYANAN TERPADU SATU PINTU', '(2.5527307783937245, 98.3178905766963),(2.5437274678424937, 98.31780474600782),(2.5430414987447225, 98.3329109471797),(2.5538454696023156, 98.3317951482295)', 0, '0000-00-00 00:00:00', 0, '0000-00-00 00:00:00'),
(89, 'DINAS KOPERASI, USAHA MIKRO, KECIL DAN MENENGAH', '(2.5527307783937245, 98.3178905766963),(2.5437274678424937, 98.31780474600782),(2.5430414987447225, 98.3329109471797),(2.5538454696023156, 98.3317951482295)', 0, '0000-00-00 00:00:00', 0, '0000-00-00 00:00:00');

-- --------------------------------------------------------

--
-- Struktur dari tabel `tbl_parameter`
--

CREATE TABLE IF NOT EXISTS `tbl_parameter` (
  `name` varchar(50) NOT NULL DEFAULT '0',
  `id` tinyint(3) unsigned NOT NULL DEFAULT '0',
  `description` varchar(255) NOT NULL DEFAULT '',
  `groups` varchar(50) NOT NULL DEFAULT '',
  `notes` varchar(50) DEFAULT NULL,
  `deleted` char(1) NOT NULL DEFAULT 'N',
  `dt_created` int(11) unsigned NOT NULL DEFAULT '0',
  `by_created` int(3) unsigned NOT NULL DEFAULT '0',
  `dt_updated` int(11) unsigned DEFAULT NULL,
  `by_updated` int(3) unsigned DEFAULT NULL,
  `created_by` int(11) NOT NULL,
  `created_on` datetime NOT NULL,
  `updated_by` int(11) NOT NULL,
  `updated_on` datetime NOT NULL
) ENGINE=MyISAM DEFAULT CHARSET=latin1;

--
-- Dumping data untuk tabel `tbl_parameter`
--

INSERT INTO `tbl_parameter` (`name`, `id`, `description`, `groups`, `notes`, `deleted`, `dt_created`, `by_created`, `dt_updated`, `by_updated`, `created_by`, `created_on`, `updated_by`, `updated_on`) VALUES
('user.group', 1, 'Super Administrator', 'USER', '', 'N', 1167029552, 1, 1521632846, 38, 0, '0000-00-00 00:00:00', 0, '0000-00-00 00:00:00'),
('user.status', 1, 'Active', 'USER', '', 'N', 0, 0, 1520881561, 1, 0, '0000-00-00 00:00:00', 0, '0000-00-00 00:00:00'),
('user.status', 2, 'Pending', 'USER', NULL, 'N', 0, 0, NULL, NULL, 0, '0000-00-00 00:00:00', 0, '0000-00-00 00:00:00'),
('user.status', 3, 'Blocked', 'USER', '', 'N', 1167227483, 1, 1520881552, 1, 0, '0000-00-00 00:00:00', 0, '0000-00-00 00:00:00'),
('user.group', 2, 'Administrator OPD', 'USER', '', 'N', 1518338355, 1, 1564568106, 1, 0, '0000-00-00 00:00:00', 0, '0000-00-00 00:00:00');

-- --------------------------------------------------------

--
-- Struktur dari tabel `tbl_pegawai`
--

CREATE TABLE IF NOT EXISTS `tbl_pegawai` (
`id_pegawai` int(11) NOT NULL,
  `username` varchar(225) NOT NULL,
  `password` varchar(222) NOT NULL,
  `nama_pegawai` varchar(222) NOT NULL,
  `tempat_lahir` varchar(222) NOT NULL,
  `tanggal_lahir` date NOT NULL,
  `jenis_kelamin` varchar(222) NOT NULL,
  `id_opd_lokasi` int(11) DEFAULT NULL,
  `id_jabatan` varchar(222) NOT NULL,
  `created_by` int(11) DEFAULT NULL,
  `created_on` datetime DEFAULT NULL,
  `updated_by` int(11) DEFAULT NULL,
  `updated_on` datetime DEFAULT NULL
) ENGINE=InnoDB  DEFAULT CHARSET=latin1 AUTO_INCREMENT=4 ;

--
-- Dumping data untuk tabel `tbl_pegawai`
--

INSERT INTO `tbl_pegawai` (`id_pegawai`, `username`, `password`, `nama_pegawai`, `tempat_lahir`, `tanggal_lahir`, `jenis_kelamin`, `id_opd_lokasi`, `id_jabatan`, `created_by`, `created_on`, `updated_by`, `updated_on`) VALUES
(1, '', '827ccb0eea8a706c4c34a16891f84e7b', 'berkat j banurea', 'medan', '0000-00-00', 'L', 10, '1', 1, '2019-07-31 13:11:37', 1, '2019-07-31 13:11:37'),
(2, '', '', 'fdjsfajdf', '', '0000-00-00', '', 12, '3', NULL, NULL, NULL, NULL),
(3, '', '', 'kfdsghfdsh', '', '0000-00-00', '', NULL, '', NULL, NULL, NULL, NULL);

-- --------------------------------------------------------

--
-- Struktur dari tabel `tbl_set_lokasi`
--

CREATE TABLE IF NOT EXISTS `tbl_set_lokasi` (
`id_set_lokasi` int(11) NOT NULL,
  `id_opd_lokasi` int(11) NOT NULL,
  `id_pegawai` varchar(30) DEFAULT NULL,
  `id_jabatan` int(11) NOT NULL,
  `id_opd` int(11) NOT NULL,
  `tanggal` date NOT NULL,
  `created_by` int(11) NOT NULL,
  `created_on` datetime NOT NULL,
  `updated_by` int(11) NOT NULL,
  `updated_on` datetime NOT NULL
) ENGINE=InnoDB  DEFAULT CHARSET=latin1 AUTO_INCREMENT=11 ;

--
-- Dumping data untuk tabel `tbl_set_lokasi`
--

INSERT INTO `tbl_set_lokasi` (`id_set_lokasi`, `id_opd_lokasi`, `id_pegawai`, `id_jabatan`, `id_opd`, `tanggal`, `created_by`, `created_on`, `updated_by`, `updated_on`) VALUES
(1, 10, '1', 1, 0, '0000-00-00', 1, '2020-01-04 16:53:09', 0, '0000-00-00 00:00:00'),
(2, 10, '2', 1, 0, '0000-00-00', 2, '2020-01-04 16:53:10', 0, '0000-00-00 00:00:00'),
(3, 10, '3', 1, 0, '0000-00-00', 3, '2020-01-04 16:53:10', 0, '0000-00-00 00:00:00'),
(4, 10, '1', 1, 0, '2020-01-04', 1, '2020-01-04 16:54:25', 0, '0000-00-00 00:00:00'),
(5, 10, '2', 1, 0, '2020-01-04', 2, '2020-01-04 16:54:25', 0, '0000-00-00 00:00:00'),
(6, 10, '3', 1, 0, '2020-01-04', 3, '2020-01-04 16:54:26', 0, '0000-00-00 00:00:00'),
(7, 10, '1', 1, 0, '2020-01-04', 1, '2020-01-04 16:55:26', 0, '0000-00-00 00:00:00'),
(8, 10, '2', 1, 0, '2020-01-04', 2, '2020-01-04 16:55:26', 0, '0000-00-00 00:00:00'),
(9, 10, '3', 1, 0, '2020-01-04', 3, '2020-01-04 16:55:26', 0, '0000-00-00 00:00:00'),
(10, 81, NULL, 0, 89, '2020-01-04', 89, '2020-01-04 16:56:04', 0, '0000-00-00 00:00:00');

-- --------------------------------------------------------

--
-- Struktur dari tabel `tbl_users`
--

CREATE TABLE IF NOT EXISTS `tbl_users` (
`userID` int(11) NOT NULL,
  `realName` varchar(30) DEFAULT NULL,
  `userName` varchar(30) NOT NULL DEFAULT '',
  `userPassword` varchar(100) DEFAULT NULL,
  `userDescription` varchar(100) DEFAULT NULL,
  `userGroup` tinyint(4) NOT NULL DEFAULT '0',
  `userSkpd` int(11) NOT NULL,
  `userStatus` tinyint(4) NOT NULL DEFAULT '0',
  `userHitCount` int(11) NOT NULL DEFAULT '0',
  `userLastLogin` int(13) NOT NULL DEFAULT '0',
  `userRegDate` int(13) NOT NULL DEFAULT '0',
  `userLastUpdate` int(13) NOT NULL DEFAULT '0',
  `statusLogin` enum('Log Off','Log On') NOT NULL DEFAULT 'Log Off',
  `accessDate` tinyint(1) DEFAULT '0'
) ENGINE=InnoDB  DEFAULT CHARSET=latin1 CHECKSUM=1 DELAY_KEY_WRITE=1 ROW_FORMAT=DYNAMIC AUTO_INCREMENT=357 ;

--
-- Dumping data untuk tabel `tbl_users`
--

INSERT INTO `tbl_users` (`userID`, `realName`, `userName`, `userPassword`, `userDescription`, `userGroup`, `userSkpd`, `userStatus`, `userHitCount`, `userLastLogin`, `userRegDate`, `userLastUpdate`, `statusLogin`, `accessDate`) VALUES
(1, 'Banurea', 'berkat.junaidi.b@gmail.com', '827ccb0eea8a706c4c34a16891f84e7b', NULL, 1, 21001, 1, 56, 1578149932, 0, 1578153381, 'Log On', 0),
(2, 'administrator', 'administrator@gmail.com', '827ccb0eea8a706c4c34a16891f84e7b', NULL, 2, 21001, 1, 0, 0, 0, 0, 'Log Off', 0),
(8, 'ARYANTO TINAMBUNAN, SP, MSi', 'aryatinam@gmail.com', 'c33367701511b4f6020ec61ded352059', NULL, 1, 21001, 1, 0, 0, 0, 0, 'Log Off', 0),
(9, 'Julita Candra B. Sinamo, SAP', 'candra_sinamo@yahoo.co.id', '827ccb0eea8a706c4c34a16891f84e7b', NULL, 2, 21001, 1, 11, 1577700457, 0, 1577700826, 'Log Off', 0),
(10, 'Aryanto Tinambunan, SP, MSi', 'artinambunan@gmail.com', '827ccb0eea8a706c4c34a16891f84e7b', NULL, 3, 21001, 1, 9, 1577700848, 0, 1577701149, 'Log Off', 0),
(11, 'Drs. Dirjon Hutasoit', 'dirjon@gmail.com', '827ccb0eea8a706c4c34a16891f84e7b', NULL, 4, 21001, 1, 3, 1577701310, 0, 1577701353, 'Log Off', 0),
(12, 'Edward Pandiangan, ST, MM', 'edward@gmail.com', '827ccb0eea8a706c4c34a16891f84e7b', NULL, 4, 21001, 1, 0, 0, 0, 0, 'Log Off', 0),
(13, 'Wesly Franklin Hutagalung', 'wesly@gmail.com', '827ccb0eea8a706c4c34a16891f84e7b', NULL, 5, 21001, 1, 4, 1577702115, 0, 1577702127, 'Log On', 0),
(14, 'Pakto S. Anakampun, ST', 'pakto@gmail.com', '827ccb0eea8a706c4c34a16891f84e7b', NULL, 5, 21001, 1, 0, 0, 0, 0, 'Log Off', 0),
(15, 'Sariyanto, S. Kom', 'sariyanto@gmail.com', '42f6d5830b7023c9535cce0db04267a2', NULL, 5, 21001, 1, 0, 0, 0, 0, 'Log Off', 0),
(16, 'Lusiana Br. Ginting, S. Sos', 'lusiana@gmail.com', '827ccb0eea8a706c4c34a16891f84e7b', NULL, 5, 21001, 1, 0, 0, 0, 0, 'Log Off', 0),
(17, 'Martua H. Simanjorang', 'martua@gmail.com', 'e10adc3949ba59abbe56e057f20f883e', NULL, 5, 21001, 1, 0, 0, 0, 0, 'Log Off', 0),
(18, 'Derma Berasa', 'derma@gmail.com', '827ccb0eea8a706c4c34a16891f84e7b', NULL, 5, 21001, 1, 0, 0, 0, 0, 'Log Off', 0),
(19, 'Lamsihar Bako, SE', 'lamsihar@gmail.com', '827ccb0eea8a706c4c34a16891f84e7b', NULL, 5, 21001, 1, 0, 0, 0, 0, 'Log Off', 0),
(20, 'Sahat H. Purba, SE', 'sahat@gmail.com', '827ccb0eea8a706c4c34a16891f84e7b', NULL, 5, 21001, 1, 0, 0, 0, 0, 'Log Off', 0),
(22, 'Deli Mariaty Banurea', 'berru.banurea@gmail.com', '827ccb0eea8a706c4c34a16891f84e7b', NULL, 5, 40103, 1, 0, 0, 0, 0, 'Log Off', 0),
(23, 'Bangekos', 'bangekospb@gmail.com', '5670b94d3c50568838e182fcb5f7569f', NULL, 1, 40103, 1, 0, 0, 0, 0, 'Log Off', 0),
(24, 'Julita Candra B. Sinamo, SAP', 'julita@gmail.com', '827ccb0eea8a706c4c34a16891f84e7b', NULL, 5, 21001, 1, 0, 0, 0, 0, 'Log Off', 0),
(25, 'Anna Suriaty Manik, A.Md', 'annamanik81@gmail.com', '827ccb0eea8a706c4c34a16891f84e7b', NULL, 2, 40103, 1, 0, 0, 0, 0, 'Log Off', 0),
(26, 'Lukkas Syahputra Berutu, SH', 'lukkassyahputra86@gmail.com ', '827ccb0eea8a706c4c34a16891f84e7b', NULL, 5, 40103, 1, 0, 0, 0, 0, 'Log Off', 0),
(27, 'Iwan Taruna Berutu, ST, M.Si.', 'iwan@gmail.com  ', '827ccb0eea8a706c4c34a16891f84e7b', NULL, 4, 40103, 1, 0, 0, 0, 0, 'Log Off', 0),
(28, 'Sahat Banurea, S.Sos, M.Si.', 'banureasahat@gmail.com ', '827ccb0eea8a706c4c34a16891f84e7b', NULL, 3, 40103, 1, 0, 0, 0, 0, 'Log Off', 0),
(30, 'Maria', 'sofiepinem1020@gmail.com', 'e10adc3949ba59abbe56e057f20f883e', NULL, 2, 21201, 1, 0, 0, 0, 0, 'Log Off', 0),
(31, 'Sumihar  Lenniwaty Tobing', 'tobingleny@gmail.com', '827ccb0eea8a706c4c34a16891f84e7b', NULL, 2, 10502, 1, 0, 0, 0, 0, 'Log Off', 0),
(32, 'Marudut Situmorang SH., MH', 'marudutsitumorang80@yahoo.com', '827ccb0eea8a706c4c34a16891f84e7b', NULL, 2, 40401, 1, 0, 0, 0, 0, 'Log Off', 0),
(33, 'Ayaki', 'ayakisagala2@gmail.com', 'e10adc3949ba59abbe56e057f20f883e', NULL, 2, 10201, 1, 0, 0, 0, 0, 'Log Off', 0),
(34, 'Perawati Sinaga, SE', 'perawatisinaga@gmail.com', '827ccb0eea8a706c4c34a16891f84e7b', NULL, 2, 20601, 1, 0, 0, 0, 0, 'Log Off', 0),
(35, 'Makruf', 'makrufmanik05@gmail.com', '827ccb0eea8a706c4c34a16891f84e7b', NULL, 2, 40107, 1, 0, 0, 0, 0, 'Log Off', 0),
(37, 'Susi Vera', 'susi.p4kp4h4n@yahoo.com', '827ccb0eea8a706c4c34a16891f84e7b', NULL, 2, 10201, 1, 0, 0, 0, 0, 'Log Off', 0),
(38, 'Pirman Silalahi, ST', 'pirmansilalahi1@gmail.com', '827ccb0eea8a706c4c34a16891f84e7b', NULL, 2, 21101, 1, 0, 0, 0, 0, 'Log Off', 0),
(39, 'Ela Edward Munthe', 'elaedwardm@gmail.com', 'e10adc3949ba59abbe56e057f20f883e', NULL, 2, 30301, 1, 0, 0, 0, 0, 'Log Off', 0),
(40, 'Herry', 'herrynababan@gmail.com', '827ccb0eea8a706c4c34a16891f84e7b', NULL, 2, 40201, 1, 0, 0, 0, 0, 'Log Off', 0),
(42, 'sedang', 'sedangrihat@gmail.com', '827ccb0eea8a706c4c34a16891f84e7b', NULL, 2, 40112, 1, 0, 0, 0, 0, 'Log Off', 0),
(44, 'Nopenta Tarigan', 'nopenta123@gmail.com', '827ccb0eea8a706c4c34a16891f84e7b', NULL, 2, 40104, 1, 0, 0, 0, 0, 'Log Off', 0),
(45, 'Fery', 'ferymarbun40@gmail.com', '827ccb0eea8a706c4c34a16891f84e7b', NULL, 2, 20201, 1, 0, 0, 0, 0, 'Log Off', 0),
(46, 'mastaty', 'mastaty_manik@yahoo.com', '50ac30d9f12601fd112aecbc560d1cea', NULL, 2, 10101, 1, 0, 0, 0, 0, 'Log Off', 0),
(47, 'PEP Dispar', 'dispar@pakpakbharatkab.go.id', '827ccb0eea8a706c4c34a16891f84e7b', NULL, 2, 21601, 1, 0, 0, 0, 0, 'Log Off', 0),
(48, 'Linda Tamba', 'lindatamba0@gmail.com', '827ccb0eea8a706c4c34a16891f84e7b', NULL, 2, 40111, 1, 0, 0, 0, 0, 'Log Off', 0),
(49, 'mawar', 'mawarhutajulu@gmail.com', '827ccb0eea8a706c4c34a16891f84e7b', NULL, 2, 40106, 1, 0, 0, 0, 0, 'Log Off', 0),
(50, 'melfa', 'simbolonmelfa@gmail.com', '827ccb0eea8a706c4c34a16891f84e7b', NULL, 2, 10301, 1, 0, 0, 0, 0, 'Log Off', 0),
(51, 'wisma.maharaja', 'wisma.maharaja@yahoo.co.id', '827ccb0eea8a706c4c34a16891f84e7b', NULL, 2, 40108, 1, 0, 0, 0, 0, 'Log Off', 0),
(52, 'Mastaty A. Manik, SE', 'mastaty@gmail.com', 'e10adc3949ba59abbe56e057f20f883e', NULL, 5, 10101, 1, 0, 0, 0, 0, 'Log Off', 0),
(53, 'masniari', 'masniarisinamo@gmail.com', 'e10adc3949ba59abbe56e057f20f883e', NULL, 2, 40105, 1, 0, 0, 0, 0, 'Log Off', 0),
(54, 'Ronal H Lingga', 'ronallingga80@gmail.com', '827ccb0eea8a706c4c34a16891f84e7b', NULL, 2, 10601, 1, 0, 0, 0, 0, 'Log Off', 0),
(55, 'juniantobanurea74', 'juniantobanurea74@gmail.com', '827ccb0eea8a706c4c34a16891f84e7b', NULL, 2, 10501, 1, 0, 0, 0, 0, 'Log Off', 0),
(57, 'Candra Bolon', 'candrabolon29@gmail.com', '827ccb0eea8a706c4c34a16891f84e7b', NULL, 2, 40301, 1, 0, 0, 0, 0, 'Log Off', 0),
(58, 'Mester Padang, S.Pd., MM', 'mesterpadang60@gmail.com', '827ccb0eea8a706c4c34a16891f84e7b', NULL, 3, 10101, 1, 0, 0, 0, 0, 'Log Off', 0),
(60, 'Agustina Nainggolan', 'tina@yahoo.co.id', 'e10adc3949ba59abbe56e057f20f883e', NULL, 5, 10101, 1, 0, 0, 0, 0, 'Log Off', 0),
(63, 'Rina Banurea', 'namusengmabar@gmail.com', 'e10adc3949ba59abbe56e057f20f883e', NULL, 5, 10101, 1, 0, 0, 0, 0, 'Log Off', 0),
(64, 'Hendri Lias Ate Solin', 'hendrilasolin@gmail.com', 'e10adc3949ba59abbe56e057f20f883e', NULL, 5, 10101, 1, 0, 0, 0, 0, 'Log Off', 0),
(65, 'Edward R.Padang', 'edwardpadang12@gmail.com', '827ccb0eea8a706c4c34a16891f84e7b', NULL, 5, 10101, 1, 0, 0, 0, 0, 'Log Off', 0),
(66, 'Ferdinan Fakto Dospol Berutu, ', 'Ferdinan@gmail.com', '827ccb0eea8a706c4c34a16891f84e7b', NULL, 5, 40103, 1, 0, 0, 0, 0, 'Log Off', 0),
(67, 'Oloan Hasugian, ST', 'oloanhasugian@gmail.com', '827ccb0eea8a706c4c34a16891f84e7b', NULL, 4, 40301, 1, 0, 0, 0, 0, 'Log Off', 0),
(68, 'Drs. Morasi Justinus Berutu, M', 'morasi@gmail.com', '827ccb0eea8a706c4c34a16891f84e7b', NULL, 3, 10502, 1, 0, 0, 0, 0, 'Log Off', 0),
(71, 'Roymon Alfalin, S.IP', 'Roymon@gmail.com', '827ccb0eea8a706c4c34a16891f84e7b', NULL, 5, 40103, 1, 0, 0, 0, 0, 'Log Off', 0),
(72, 'Drs. Morasi Justinus Berutu, M', 'morasijustinus@gmail.com', '827ccb0eea8a706c4c34a16891f84e7b', NULL, 4, 10502, 1, 0, 0, 0, 0, 'Log Off', 0),
(73, 'Charles Tumanggor, S.Si. MM.', 'tgrcharles@gmail.com', '827ccb0eea8a706c4c34a16891f84e7b', NULL, 4, 40301, 1, 0, 0, 0, 0, 'Log Off', 0),
(74, 'Tetty Ristawati Purba, SE', '1082tettyi@gmail.com', '827ccb0eea8a706c4c34a16891f84e7b', NULL, 4, 40108, 1, 0, 0, 0, 0, 'Log Off', 0),
(75, 'Mesra Sinamo', 'mesra@gmail.com', '3bb3f4dbc050a34d9c401067d396db13', NULL, 4, 40106, 1, 0, 0, 0, 0, 'Log Off', 0),
(76, 'Drs.LOSMAR BERUTU,MM', 'losmar1@gmail.com', 'e10adc3949ba59abbe56e057f20f883e', NULL, 3, 21201, 1, 0, 0, 0, 0, 'Log Off', 0),
(77, 'Rudianto Padang,SH ', 'Rudianto@gmail.com', '827ccb0eea8a706c4c34a16891f84e7b', NULL, 5, 40103, 1, 0, 0, 0, 0, 'Log Off', 0),
(78, 'Juanda Tumanggor, ST', 'juanda_st@yahoo.com', 'b8914d1b8788006819998dabc2e379b2', NULL, 4, 10301, 1, 0, 0, 0, 0, 'Log Off', 0),
(79, 'Rona Sasmita M. Padang, SKM', 'ronasasmita82@gmail.com', '827ccb0eea8a706c4c34a16891f84e7b', NULL, 5, 10201, 1, 0, 0, 0, 0, 'Log Off', 0),
(80, 'Paul Padang, A.Md', 'paulpadang74@gmail.com', '827ccb0eea8a706c4c34a16891f84e7b', NULL, 5, 40301, 1, 0, 0, 0, 0, 'Log Off', 0),
(82, 'Wardi Manik, S.Sos', 'wardi@gmail.com', '827ccb0eea8a706c4c34a16891f84e7b', NULL, 5, 10502, 1, 0, 0, 0, 0, 'Log Off', 0),
(83, 'Ramlan Cibro,SH', 'Ramlan@gmaiil.com', '827ccb0eea8a706c4c34a16891f84e7b', NULL, 5, 40103, 1, 0, 0, 0, 0, 'Log Off', 0),
(84, 'Drs.LOSMAR BERUTU,MM', 'losmarppk@gmail.com', 'e10adc3949ba59abbe56e057f20f883e', NULL, 4, 21201, 1, 0, 0, 0, 0, 'Log Off', 0),
(85, 'Rudiyar Sembiring, ST, MM', 'rudiyar.s@gmail.com', '827ccb0eea8a706c4c34a16891f84e7b', NULL, 4, 10301, 1, 0, 0, 0, 0, 'Log Off', 0),
(86, 'Sudianto Simorangkir, S.Sos', 'sudianto@gmail.com', '827ccb0eea8a706c4c34a16891f84e7b', NULL, 5, 10502, 1, 0, 0, 0, 0, 'Log Off', 0),
(87, 'Sabar Simanjutak, SAP', 'Sabar@gmail.com', '827ccb0eea8a706c4c34a16891f84e7b', NULL, 5, 40103, 1, 0, 0, 0, 0, 'Log Off', 0),
(88, 'Afrizal Halomoan Lubis, ST', 'izallubis41@yahoo.com', '827ccb0eea8a706c4c34a16891f84e7b', NULL, 4, 10301, 1, 0, 0, 0, 0, 'Log Off', 0),
(89, 'RICKARDO PUTRA,SAP', 'rickardobancin@gmail.com', 'e10adc3949ba59abbe56e057f20f883e', NULL, 5, 40105, 1, 0, 0, 0, 0, 'Log Off', 0),
(90, 'Manurung Naiborhu', 'manurung@gmail.com', '827ccb0eea8a706c4c34a16891f84e7b', NULL, 3, 20201, 1, 0, 0, 0, 0, 'Log Off', 0),
(91, 'Palentino Bangun, SH', 'palentino@gmail.com', '827ccb0eea8a706c4c34a16891f84e7b', NULL, 5, 10502, 1, 0, 0, 0, 0, 'Log Off', 0),
(92, 'Chaspul Chairu Hasibuan, S.Sos', 'Chaspul@gmail.com', '827ccb0eea8a706c4c34a16891f84e7b', NULL, 5, 40103, 1, 0, 0, 0, 0, 'Log Off', 0),
(93, 'Asni H. Berutu,SH', 'asniberutu@gmail.com', '827ccb0eea8a706c4c34a16891f84e7b', NULL, 5, 21201, 1, 0, 0, 0, 0, 'Log Off', 0),
(94, 'David Anderson Karosekali, ST,', 'birulangit788@gmail.com', '827ccb0eea8a706c4c34a16891f84e7b', NULL, 3, 10301, 1, 0, 0, 0, 0, 'Log Off', 0),
(96, 'David', 'david@gmail.com', '827ccb0eea8a706c4c34a16891f84e7b', NULL, 5, 20201, 1, 0, 0, 0, 0, 'Log Off', 0),
(97, 'Darmendra Rajagukguk, SE', 'darmendra@gmail.com', '827ccb0eea8a706c4c34a16891f84e7b', NULL, 5, 10502, 1, 0, 0, 0, 0, 'Log Off', 0),
(98, 'Siti Nurbaya Manullang, S.sos', 'Siti@gmail.com', '827ccb0eea8a706c4c34a16891f84e7b', NULL, 5, 40103, 1, 0, 0, 0, 0, 'Log Off', 0),
(99, 'Eskalina Tinambunan, SH', 'eskalinatinambunan@gmail.com', '827ccb0eea8a706c4c34a16891f84e7b', NULL, 4, 40112, 1, 0, 0, 0, 0, 'Log Off', 0),
(101, 'SAHAT P.BOANGMANALU,SPd.MM', 'sahatboangmanalu@gmail.com', 'e10adc3949ba59abbe56e057f20f883e', NULL, 3, 40105, 1, 0, 0, 0, 0, 'Log Off', 0),
(102, 'L.M. Patar Solin, SST', 'patarsolin@gmail.com', '822858add432b8b5dedfb727aef2ed81', NULL, 5, 40106, 1, 0, 0, 0, 0, 'Log Off', 0),
(103, 'Drs. Bambang Sunarjo Banurea', 'bambangsunarjobanurea@gmail.co', '827ccb0eea8a706c4c34a16891f84e7b', NULL, 3, 21601, 1, 0, 0, 0, 0, 'Log Off', 0),
(104, 'DARWIN BERUTU.SH.MM', 'darwinberutu@.com', 'e10adc3949ba59abbe56e057f20f883e', NULL, 3, 40111, 1, 0, 0, 0, 0, 'Log Off', 0),
(105, 'Jibun Padang', 'jibunpadang10@gmail.com', '827ccb0eea8a706c4c34a16891f84e7b', NULL, 3, 10501, 1, 0, 0, 0, 0, 'Log Off', 0),
(106, 'Kasiman Berutu, SE. Ak., M.Si', 'KasimanBerutu@gmail.com', '827ccb0eea8a706c4c34a16891f84e7b', NULL, 4, 40201, 1, 0, 0, 0, 0, 'Log Off', 0),
(107, 'Rayanda RT.Pasi, SE', 'Rayanda11@gmail.com', '827ccb0eea8a706c4c34a16891f84e7b', NULL, 3, 40103, 1, 0, 0, 0, 0, 'Log Off', 0),
(108, 'Febriansyah', 'febriansyah@gmail.com', '827ccb0eea8a706c4c34a16891f84e7b', NULL, 4, 20201, 1, 0, 0, 0, 0, 'Log Off', 0),
(109, 'Ishak Simon ', 'Ishaksimon@gmail.com', '827ccb0eea8a706c4c34a16891f84e7b', NULL, 3, 10601, 1, 0, 0, 0, 0, 'Log Off', 0),
(110, 'BINSER JUARDI HANDAIRI BERUTU,', 'binserjuardy@gmail.com', 'e10adc3949ba59abbe56e057f20f883e', NULL, 5, 40111, 1, 0, 0, 0, 0, 'Log Off', 0),
(112, 'Kardo Sinurat, S.Pd., M.Pd', 'kardokarolus@gmail.com', 'e10adc3949ba59abbe56e057f20f883e', NULL, 4, 10101, 1, 0, 0, 0, 0, 'Log Off', 0),
(113, 'Hanafi GP Padang, SH', 'hanafipadang1969@gmail.com', '827ccb0eea8a706c4c34a16891f84e7b', NULL, 3, 40108, 1, 0, 0, 0, 0, 'Log Off', 0),
(114, 'Nelly', 'nelly@gmail.com', '827ccb0eea8a706c4c34a16891f84e7b', NULL, 5, 20201, 1, 0, 0, 0, 0, 'Log Off', 0),
(115, 'Kastro Manik, S.Sos', 'Kastro@gmail.com', '827ccb0eea8a706c4c34a16891f84e7b', NULL, 3, 40103, 1, 0, 0, 0, 0, 'Log Off', 0),
(116, 'Mayolita Panjaitan, S.Sos', 'mayolitapanjaitan@gmail.com', '827ccb0eea8a706c4c34a16891f84e7b', NULL, 5, 21601, 1, 0, 0, 0, 0, 'Log Off', 0),
(118, 'Elhidayat Berutu, SH, MAP', 'elhidayatberutu@gmail.com', 'e10adc3949ba59abbe56e057f20f883e', NULL, 3, 10601, 1, 0, 0, 0, 0, 'Log Off', 0),
(119, 'Rayanda RT.Pasi, SE', 'Rayanda@gmail.com', '827ccb0eea8a706c4c34a16891f84e7b', NULL, 4, 40103, 1, 0, 0, 0, 0, 'Log Off', 0),
(120, 'Budianta Pinem, SE.Ak', 'BudiantaPinem@gmail.com', '827ccb0eea8a706c4c34a16891f84e7b', NULL, 3, 40201, 1, 0, 0, 0, 0, 'Log Off', 0),
(121, 'dr. Elysa Barus', 'baruselysa@yahoo.co.id', '827ccb0eea8a706c4c34a16891f84e7b', NULL, 3, 10201, 1, 0, 0, 0, 0, 'Log Off', 0),
(122, 'DISMAN BOANGMANALU', 'boangsiagian@gmail.com', 'e10adc3949ba59abbe56e057f20f883e', NULL, 5, 40111, 1, 0, 0, 0, 0, 'Log Off', 0),
(123, 'Elmadam Tumangger', 'arnielmadamtgr@gmail.com', '827ccb0eea8a706c4c34a16891f84e7b', NULL, 5, 40108, 1, 0, 0, 0, 0, 'Log Off', 0),
(124, 'Pandapotan Sianturi, SE', 'pandapotansianturi08@gmail.com', '75acfcf4b18ce1a6537053e60b95778c', NULL, 5, 10301, 1, 0, 0, 0, 0, 'Log Off', 0),
(126, 'SAHAT P.BOANGMANALU,SPd.MM', 'sahatpboangmanaluppk@gmail.com', 'e10adc3949ba59abbe56e057f20f883e', NULL, 4, 40105, 1, 0, 0, 0, 0, 'Log Off', 0),
(127, 'Lingan Berutu', 'linganberutu@gmail.com', '827ccb0eea8a706c4c34a16891f84e7b', NULL, 5, 40108, 1, 0, 0, 0, 0, 'Log Off', 0),
(128, 'Ronal H.L', 'Linggacoy@gmail.com', '827ccb0eea8a706c4c34a16891f84e7b', NULL, 5, 10601, 1, 0, 0, 0, 0, 'Log Off', 0),
(129, 'Riduan Berutu, SAP', 'bruturiduan@gmail.com', '827ccb0eea8a706c4c34a16891f84e7b', NULL, 5, 40301, 1, 0, 0, 0, 0, 'Log Off', 0),
(130, 'Kastro Manik, S.Sos', 'Kastro11@gmail.com', '827ccb0eea8a706c4c34a16891f84e7b', NULL, 4, 40103, 1, 0, 0, 0, 0, 'Log Off', 0),
(132, 'Mahar Yani ISL Manik, SAP', 'MaharYaniManik@gmail.com', '827ccb0eea8a706c4c34a16891f84e7b', NULL, 5, 40201, 1, 0, 0, 0, 0, 'Log Off', 0),
(133, 'Romindotua Berasa, S.Sos', 'romindotua@gmail.com', '827ccb0eea8a706c4c34a16891f84e7b', NULL, 5, 21601, 1, 0, 0, 0, 0, 'Log Off', 0),
(134, 'Oyan Resla Berutu, S.Kep', 'oyanberutu9@gmail.com', '827ccb0eea8a706c4c34a16891f84e7b', NULL, 5, 10201, 1, 0, 0, 0, 0, 'Log Off', 0),
(135, 'Ruslan', 'ruslan@gmail.com', '827ccb0eea8a706c4c34a16891f84e7b', NULL, 5, 20201, 1, 0, 0, 0, 0, 'Log Off', 0),
(136, 'AMOS MANIK', 'amos@gmail.com', 'e10adc3949ba59abbe56e057f20f883e', NULL, 5, 40111, 1, 0, 0, 0, 0, 'Log Off', 0),
(137, 'Mangaraja P. Simamora', 'rajapertanian1@gmail.com', '827ccb0eea8a706c4c34a16891f84e7b', NULL, 5, 10301, 1, 0, 0, 0, 0, 'Log Off', 0),
(138, 'ferynandoPPTK', 'ferymarbun1@gmail.com', '827ccb0eea8a706c4c34a16891f84e7b', NULL, 5, 20201, 1, 0, 0, 0, 0, 'Log Off', 0),
(139, 'Purnama, S.Pd', 'purnamalingga12@yahoo.com', '827ccb0eea8a706c4c34a16891f84e7b', NULL, 5, 10101, 1, 0, 0, 0, 0, 'Log Off', 0),
(141, 'Hasan Bancin', 'hasanbancin1961@gmail.com', '827ccb0eea8a706c4c34a16891f84e7b', NULL, 5, 21601, 1, 0, 0, 0, 0, 'Log Off', 0),
(142, 'Melfa Simbolon, SS', 'simbolonmelfa1@gmail.com', '827ccb0eea8a706c4c34a16891f84e7b', NULL, 5, 10301, 1, 0, 0, 0, 0, 'Log Off', 0),
(143, 'Abdul Rohim Marpaung, SP.', 'Perolihen79@gmail.com', '827ccb0eea8a706c4c34a16891f84e7b', NULL, 5, 40301, 1, 0, 0, 0, 0, 'Log Off', 0),
(144, 'Edima Silaban', 'edimasilaban@gmail.com', '827ccb0eea8a706c4c34a16891f84e7b', NULL, 5, 10601, 1, 0, 0, 0, 0, 'Log Off', 0),
(145, 'RINDO MERA BERUTU,SH', 'kingndom5@gmail.com', 'e10adc3949ba59abbe56e057f20f883e', NULL, 5, 40105, 1, 0, 0, 0, 0, 'Log Off', 0),
(146, 'ASTRONI SITUMORANG, S.AP', 'situmorangastroni@gmail.com', 'e10adc3949ba59abbe56e057f20f883e', NULL, 5, 40111, 1, 0, 0, 0, 0, 'Log Off', 0),
(147, 'Hoddy TR Hutabarat', 'hoddy.hutabarat@yahoo.go.id', '827ccb0eea8a706c4c34a16891f84e7b', NULL, 5, 10201, 1, 0, 0, 0, 0, 'Log Off', 0),
(148, 'Supriyanto Bancin, S.ST', 'supryantobancin@gmail.com', '827ccb0eea8a706c4c34a16891f84e7b', NULL, 5, 40301, 1, 0, 0, 0, 0, 'Log Off', 0),
(149, 'Lamsen Padang', 'lamsenpadang123@gmail.com', '827ccb0eea8a706c4c34a16891f84e7b', NULL, 5, 21601, 1, 0, 0, 0, 0, 'Log Off', 0),
(150, 'Merry C.A Bintang, SAP', 'merrystarkorea@gmail.com', '86f497378e3015ce3449cba032a7b821', NULL, 5, 40112, 1, 0, 0, 0, 0, 'Log Off', 0),
(151, 'Agnes Simanjuntak, SE', 'AgnesSimanjuntak@gmail.com', '827ccb0eea8a706c4c34a16891f84e7b', NULL, 5, 40201, 1, 0, 0, 0, 0, 'Log Off', 0),
(152, 'Sawaluddin Solin, S.Sos', 'Sawal@gmail.com', '827ccb0eea8a706c4c34a16891f84e7b', NULL, 5, 40103, 1, 0, 0, 0, 0, 'Log Off', 0),
(153, 'Petrus Saragih, SE, MM', 'petrussaragih@gmail.com', '827ccb0eea8a706c4c34a16891f84e7b', NULL, 3, 20601, 1, 0, 0, 0, 0, 'Log Off', 0),
(154, 'Eulisa Manik', 'eulisamanik@gmail.com', '827ccb0eea8a706c4c34a16891f84e7b', NULL, 5, 10601, 1, 0, 0, 0, 0, 'Log Off', 0),
(155, 'Sunardi,SP', 'sunardi@gmail.com', '8e1d9d19773c32703504ce458a0b868a', NULL, 3, 30301, 1, 0, 0, 0, 0, 'Log Off', 0),
(156, 'Choy Subio HTM Simamora, SKM', 'choysubio1988@gmail.com', '827ccb0eea8a706c4c34a16891f84e7b', NULL, 5, 10201, 1, 0, 0, 0, 0, 'Log Off', 0),
(157, 'Maria Sofianna Pinem,SE', 'sofiepptk@gmail.com', 'e10adc3949ba59abbe56e057f20f883e', NULL, 5, 21201, 1, 0, 0, 0, 0, 'Log Off', 0),
(158, 'DARWIN BERUTU.SH.MM', 'darwinberutuppk@gmail.com', 'e10adc3949ba59abbe56e057f20f883e', NULL, 4, 40111, 1, 0, 0, 0, 0, 'Log Off', 0),
(159, 'DENNY BOANGMANALU,SKM', 'dennibom17@gmail.com', 'e10adc3949ba59abbe56e057f20f883e', NULL, 5, 40105, 1, 0, 0, 0, 0, 'Log Off', 0),
(161, 'Rosdiana Berutu, SS', 'rosdianaberutu6@gmail.com', '827ccb0eea8a706c4c34a16891f84e7b', NULL, 5, 40301, 1, 0, 0, 0, 0, 'Log Off', 0),
(163, 'Charles Marudut Purba, SE', 'charlespurba@yahoo.co.id', '827ccb0eea8a706c4c34a16891f84e7b', NULL, 5, 21601, 1, 0, 0, 0, 0, 'Log Off', 0),
(164, 'Darliati Ujung, SH', 'darliatiujung@g.mail.com', '827ccb0eea8a706c4c34a16891f84e7b', NULL, 3, 40107, 1, 0, 0, 0, 0, 'Log Off', 0),
(165, 'Sudomo SS Berutu, SH', 'SudomoSSBerutu@gmail.com', '827ccb0eea8a706c4c34a16891f84e7b', NULL, 5, 40201, 1, 0, 0, 0, 0, 'Log Off', 0),
(166, 'Andi Pranata Siregar, S.IP', 'Andi@gmail.com', '827ccb0eea8a706c4c34a16891f84e7b', NULL, 5, 40103, 1, 0, 0, 0, 0, 'Log Off', 0),
(167, 'Natalia Banurea', 'natalbanurea@gmail.com', '827ccb0eea8a706c4c34a16891f84e7b', NULL, 5, 10101, 1, 0, 0, 0, 0, 'Log Off', 0),
(168, 'Budi Rasmianto Berutu, ST', 'budirasmiantoberutu@rocketmail', '827ccb0eea8a706c4c34a16891f84e7b', NULL, 5, 10301, 1, 0, 0, 0, 0, 'Log Off', 0),
(170, 'Masdeli Berutu, SE', 'MasdeliBerutu@gmail.com', '827ccb0eea8a706c4c34a16891f84e7b', NULL, 5, 40201, 1, 0, 0, 0, 0, 'Log Off', 0),
(171, 'Deswita M.Pakpahan', 'deswita@gmail.com', '827ccb0eea8a706c4c34a16891f84e7b', NULL, 4, 10601, 1, 0, 0, 0, 0, 'Log Off', 0),
(172, 'Ray Ester Padang, SS', 'rayester.padang@gmail.com', '827ccb0eea8a706c4c34a16891f84e7b', NULL, 5, 21601, 1, 0, 0, 0, 0, 'Log Off', 0),
(173, 'Agusrianto Sembiring', 'papa.eikel.n.keynia@gmail.com', '827ccb0eea8a706c4c34a16891f84e7b', NULL, 5, 10201, 1, 0, 0, 0, 0, 'Log Off', 0),
(174, 'Freddi F. Siagian,SE', 'feronlolo13@gmail.com', '827ccb0eea8a706c4c34a16891f84e7b', NULL, 5, 21201, 1, 0, 0, 0, 0, 'Log Off', 0),
(175, 'Nursiah Capah, SE', 'Nursiah@gmail.com', '827ccb0eea8a706c4c34a16891f84e7b', NULL, 5, 40103, 1, 0, 0, 0, 0, 'Log Off', 0),
(176, 'Rosmawati Sihotang, ST', 'rosmawatisihotang71@gmail.com', '827ccb0eea8a706c4c34a16891f84e7b', NULL, 5, 40301, 1, 0, 0, 0, 0, 'Log Off', 0),
(177, 'Wandi Berutu, S.Pd.,', 'oneday_berutu@yahoo.co.id', '827ccb0eea8a706c4c34a16891f84e7b', NULL, 5, 10101, 1, 0, 0, 0, 0, 'Log Off', 0),
(178, 'kesdin Sinamo,SP', 'sinamo@gmail.com', '7b72ca861249059fcb30d8a1004e6406', NULL, 5, 30301, 1, 0, 0, 0, 0, 'Log Off', 0),
(179, 'Ekuin Rafael Tarigan', 'ekfata@gmail.com', '827ccb0eea8a706c4c34a16891f84e7b', NULL, 5, 10301, 1, 0, 0, 0, 0, 'Log Off', 0),
(180, 'Yan Benny Pasaribu, S.Pd', 'yanbenny28@yahoo.co.id', '827ccb0eea8a706c4c34a16891f84e7b', NULL, 4, 20601, 1, 0, 0, 0, 0, 'Log Off', 0),
(181, 'Resnawi Berutu, SS', 'resnawi@gmail.com', '822858add432b8b5dedfb727aef2ed81', NULL, 5, 40106, 1, 0, 0, 0, 0, 'Log Off', 0),
(182, 'Irwan Antoni Gajah,ST', 'irwanantonigajah@gmail.com', '827ccb0eea8a706c4c34a16891f84e7b', NULL, 5, 40301, 1, 0, 0, 0, 0, 'Log Off', 0),
(183, 'Alfrina Lumban Tobing, A.Md', 'Alfrina@gmail.com', '827ccb0eea8a706c4c34a16891f84e7b', NULL, 5, 40103, 1, 0, 0, 0, 0, 'Log Off', 0),
(184, 'Maulut Arianto Solin, S.Sos', 'maulut.arianto@gmail.com', '827ccb0eea8a706c4c34a16891f84e7b', NULL, 5, 21601, 1, 0, 0, 0, 0, 'Log Off', 0),
(186, 'Pirman Silalahi,ST', 'pirmansilalahi@gmail.com', '827ccb0eea8a706c4c34a16891f84e7b', NULL, 5, 21201, 1, 0, 0, 0, 0, 'Log Off', 0),
(187, 'DODY R.R SIMANJUNTAK,SE', 'dody@gmail.com', 'e10adc3949ba59abbe56e057f20f883e', NULL, 5, 40105, 1, 0, 0, 0, 0, 'Log Off', 0),
(188, 'Safril Ferdianta, SE', 'SafrilFerdianta@gmail.com', '827ccb0eea8a706c4c34a16891f84e7b', NULL, 5, 40201, 1, 0, 0, 0, 0, 'Log Off', 0),
(190, 'Jalil Angkat', 'jalilangkat@gmail.com', '827ccb0eea8a706c4c34a16891f84e7b', NULL, 3, 40104, 1, 0, 0, 0, 0, 'Log Off', 0),
(191, 'Syahnul A.E. Bancin, SE', 'syahnulbancin@gmail.com', '827ccb0eea8a706c4c34a16891f84e7b', NULL, 5, 20601, 1, 0, 0, 0, 0, 'Log Off', 0),
(193, 'Rampi Sailan Pungu Simbolon, S', 'rampi.simbolon@gmail.com', '827ccb0eea8a706c4c34a16891f84e7b', NULL, 5, 10301, 1, 0, 0, 0, 0, 'Log Off', 0),
(194, 'Ayaki sagala', 'ayakiseptina@gmail.com', 'e10adc3949ba59abbe56e057f20f883e', NULL, 5, 10201, 1, 0, 0, 0, 0, 'Log Off', 0),
(195, 'Candra Braniko Simbolon, SE. M', 'candra_bolon@yahoo.com', '827ccb0eea8a706c4c34a16891f84e7b', NULL, 5, 40301, 1, 0, 0, 0, 0, 'Log Off', 0),
(196, 'Hendra Sarianto Bancin,SE', 'Hendra@gmail.com', '827ccb0eea8a706c4c34a16891f84e7b', NULL, 5, 40103, 1, 0, 0, 0, 0, 'Log Off', 0),
(197, 'German PB Sianipar, SE', 'GermanPBSianipar@gmail.com', '827ccb0eea8a706c4c34a16891f84e7b', NULL, 5, 40201, 1, 0, 0, 0, 0, 'Log Off', 0),
(198, 'Zeplin Aprianto Purba,SE', 'zeplin_purba@yahoo.co.id', '827ccb0eea8a706c4c34a16891f84e7b', NULL, 4, 10201, 1, 0, 0, 0, 0, 'Log Off', 0),
(199, 'Herlina Sinaga', 'herlinasinaga86.hs@gmail.com', '822858add432b8b5dedfb727aef2ed81', NULL, 5, 40106, 1, 0, 0, 0, 0, 'Log Off', 0),
(200, 'Kontan Padang, S.Pd', 'kontanpadang@gmail.com', '827ccb0eea8a706c4c34a16891f84e7b', NULL, 5, 20601, 1, 0, 0, 0, 0, 'Log Off', 0),
(201, 'dr. Erwin Sembiring', 'bp.juro@gmail.com', '827ccb0eea8a706c4c34a16891f84e7b', NULL, 5, 10201, 1, 0, 0, 0, 0, 'Log Off', 0),
(202, 'MULIADI BARASA,SE', 'muliadibarasa@gmail.com', 'e10adc3949ba59abbe56e057f20f883e', NULL, 5, 40105, 1, 0, 0, 0, 0, 'Log Off', 0),
(203, 'Rosewati Sitompul', 'rosewatisitompulse@gmail.com', '827ccb0eea8a706c4c34a16891f84e7b', NULL, 5, 10501, 1, 0, 0, 0, 0, 'Log Off', 0),
(204, 'Atur Sayang Berasa,SH', 'atursayangberasa@gmail.com', '827ccb0eea8a706c4c34a16891f84e7b', NULL, 4, 40104, 1, 0, 0, 0, 0, 'Log Off', 0),
(205, 'Andi Yohari Sinuraya, SH', 'AndiYohariSinuraya@gmail.com', '827ccb0eea8a706c4c34a16891f84e7b', NULL, 5, 40201, 1, 0, 0, 0, 0, 'Log Off', 0),
(206, 'Dody R.R Simanjuntak, SE', 'Simanjuntak.dodyrr@gmail.com', '827ccb0eea8a706c4c34a16891f84e7b', NULL, 5, 20601, 1, 0, 0, 0, 0, 'Log Off', 0),
(207, 'Endang Wahyudi', 'endangberutu38@gmail.com', '827ccb0eea8a706c4c34a16891f84e7b', NULL, 5, 10501, 1, 0, 0, 0, 0, 'Log Off', 0),
(208, 'Maston S. Manik,ST', 'manikmaston@gmail.com', '827ccb0eea8a706c4c34a16891f84e7b', NULL, 5, 21201, 1, 0, 0, 0, 0, 'Log Off', 0),
(209, 'Basta Sebayang,SKM', 'bastasebayang@gmail.com', '827ccb0eea8a706c4c34a16891f84e7b', NULL, 4, 10201, 1, 0, 0, 0, 0, 'Log Off', 0),
(210, 'Rodinhot P. Pakpahan,SH', 'rodinhot@gmail.com', '822858add432b8b5dedfb727aef2ed81', NULL, 5, 40106, 1, 0, 0, 0, 0, 'Log Off', 0),
(211, 'MASNIARI F.SINAMO,SH', 'masniarisinamopptk@gmail.com', 'e10adc3949ba59abbe56e057f20f883e', NULL, 5, 40105, 1, 0, 0, 0, 0, 'Log Off', 0),
(212, 'Jerri H Lumbantobing, SE', 'JerriHLumbantobing@gmail.com', '827ccb0eea8a706c4c34a16891f84e7b', NULL, 5, 40201, 1, 0, 0, 0, 0, 'Log Off', 0),
(213, 'Jalan Berutu, S.Pd. MM', 'jalanberutu31@gmail.com', '827ccb0eea8a706c4c34a16891f84e7b', NULL, 3, 40301, 1, 0, 0, 0, 0, 'Log Off', 0),
(214, 'Rehmalemta Tarigan', 'rehmalem@gmail.com', '827ccb0eea8a706c4c34a16891f84e7b', NULL, 5, 20601, 1, 0, 0, 0, 0, 'Log Off', 0),
(216, 'Wahadi Padang', 'padang1215@gmail.com', '827ccb0eea8a706c4c34a16891f84e7b', NULL, 5, 10501, 1, 0, 0, 0, 0, 'Log Off', 0),
(217, 'Herianto Cibro,SP', 'hericibro@gmail.com', '827ccb0eea8a706c4c34a16891f84e7b', NULL, 5, 21201, 1, 0, 0, 0, 0, 'Log Off', 0),
(218, 'Idhul Oberto Barasa, SH', 'barasaidhul@gmail.com', '3073ce468e039f141372a057717b9dad', NULL, 5, 40112, 1, 0, 0, 0, 0, 'Log Off', 0),
(219, 'Sunardi,SP', 'Nardippk@gmail.com', '827ccb0eea8a706c4c34a16891f84e7b', NULL, 4, 30301, 1, 0, 0, 0, 0, 'Log Off', 0),
(220, 'Kaben Habeahan', 'kabenh4@gmail.com', '827ccb0eea8a706c4c34a16891f84e7b', NULL, 5, 10501, 1, 0, 0, 0, 0, 'Log Off', 0),
(221, 'Supriadi Berasa', 'supriadiberasa56@gmail.com', '827ccb0eea8a706c4c34a16891f84e7b', NULL, 5, 10501, 1, 0, 0, 0, 0, 'Log Off', 0),
(222, 'Mawar Hutajulu, S.Kom', 'mawar@gmail.com', '822858add432b8b5dedfb727aef2ed81', NULL, 5, 40106, 1, 0, 0, 0, 0, 'Log Off', 0),
(223, 'Aminuddin Manik', 'aminuddin@gmail.com', '827ccb0eea8a706c4c34a16891f84e7b', NULL, 5, 10501, 1, 0, 0, 0, 0, 'Log Off', 0),
(224, 'Sabirin Kudadiri, S. Sos', 'SabirinKudadiri@gmail.com', '827ccb0eea8a706c4c34a16891f84e7b', NULL, 5, 40201, 1, 0, 0, 0, 0, 'Log Off', 0),
(225, 'Junianto Banurea', 'junianto_PPTk@gmail.com', '827ccb0eea8a706c4c34a16891f84e7b', NULL, 5, 10501, 1, 0, 0, 0, 0, 'Log Off', 0),
(226, 'Hitra Situmorang', 'hitra@gmail.com', '822858add432b8b5dedfb727aef2ed81', NULL, 5, 40106, 1, 0, 0, 0, 0, 'Log Off', 0),
(227, 'Jhonny Hisar Siburian, SE', 'jhonnyhisarsiburian@gmail.com', '827ccb0eea8a706c4c34a16891f84e7b', NULL, 5, 10301, 1, 0, 0, 0, 0, 'Log Off', 0),
(229, 'DANIEL PURBA,SH', 'sada_pratama@yahoo.co.id', 'e10adc3949ba59abbe56e057f20f883e', NULL, 5, 40105, 1, 0, 0, 0, 0, 'Log Off', 0),
(231, 'David Pandapotan Purba, SE', 'david@gmail.com', '827ccb0eea8a706c4c34a16891f84e7b', NULL, 5, 20601, 1, 0, 0, 0, 0, 'Log Off', 0),
(232, 'Sahat Banurea, S.Sos, M.Si.', 'Sahat11@gmail.com', '827ccb0eea8a706c4c34a16891f84e7b', NULL, 4, 40103, 1, 0, 0, 0, 0, 'Log Off', 0),
(233, 'Makin Majuna S. Manik, S.Sos', 'MakinMajunaSManik@gmail.com', '827ccb0eea8a706c4c34a16891f84e7b', NULL, 5, 40201, 1, 0, 0, 0, 0, 'Log Off', 0),
(235, 'Widyazih Kaloko,SE', 'kaloko@gmail.com', '827ccb0eea8a706c4c34a16891f84e7b', NULL, 5, 30301, 1, 0, 0, 0, 0, 'Log Off', 0),
(236, 'dr.Pintar Manihuruk', 'clever.PM5@gmail.com', '827ccb0eea8a706c4c34a16891f84e7b', NULL, 4, 10201, 1, 0, 0, 0, 0, 'Log Off', 0),
(237, 'Sanggup C.F. Manik, S,STP', 'sanggup@gmail.com', '827ccb0eea8a706c4c34a16891f84e7b', NULL, 5, 20601, 1, 0, 0, 0, 0, 'Log Off', 0),
(238, 'Herry Frenky Nababan', 'herry_nababan@yahoo.com', '827ccb0eea8a706c4c34a16891f84e7b', NULL, 5, 40201, 1, 0, 0, 0, 0, 'Log Off', 0),
(239, 'Toni Manik, SP,.MP', 'toni@gmail.com', '827ccb0eea8a706c4c34a16891f84e7b', NULL, 5, 30301, 1, 0, 0, 0, 0, 'Log Off', 0),
(240, 'Henry Restunama Manik, AMd.Kom', 'Henrymanik@gmail.com', '827ccb0eea8a706c4c34a16891f84e7b', NULL, 5, 20601, 1, 0, 0, 0, 0, 'Log Off', 0),
(241, 'Mesra Sinamo, S.Sos', 'mesrasinamo@gmail.com', '5dcbbc877e9955e3b29d7ca0baa4c7c4', NULL, 3, 40106, 1, 0, 0, 0, 0, 'Log Off', 0),
(242, 'Berlian Talenta Berutu, SST', 'BerlianTalentaBerutu@gmail.com', '827ccb0eea8a706c4c34a16891f84e7b', NULL, 5, 40201, 1, 0, 0, 0, 0, 'Log Off', 0),
(243, 'Dance Solin, SE', 'dancesolin@gmail.com', '827ccb0eea8a706c4c34a16891f84e7b', NULL, 4, 40107, 1, 0, 0, 0, 0, 'Log Off', 0),
(245, 'Ela Edward Munthe,SST,MM', 'ela@gmail.com', '827ccb0eea8a706c4c34a16891f84e7b', NULL, 5, 30301, 1, 0, 0, 0, 0, 'Log Off', 0),
(246, 'Ronado Sigalingging,Am.KG', 'aprilparna@gmail.com', '827ccb0eea8a706c4c34a16891f84e7b', NULL, 5, 10201, 1, 0, 0, 0, 0, 'Log Off', 0),
(248, 'Dumarita Purba,SP', 'dumarita@gmail.com', '827ccb0eea8a706c4c34a16891f84e7b', NULL, 5, 30301, 1, 0, 0, 0, 0, 'Log Off', 0),
(249, 'Suwondo', 'suwondo@gmail.com', '827ccb0eea8a706c4c34a16891f84e7b', NULL, 5, 40107, 1, 0, 0, 0, 0, 'Log Off', 0),
(251, 'Akhyar Miswardi Siagian', 'akhyarmiswardi1981@gmail.com', '5580e6123f2cb9f0ce275ed28ab77f74', NULL, 5, 40112, 1, 0, 0, 0, 0, 'Log Off', 0),
(252, 'Dameria Situmorang, A.Md', 'DameriaSitumorang@gmail.com', '827ccb0eea8a706c4c34a16891f84e7b', NULL, 5, 40201, 1, 0, 0, 0, 0, 'Log Off', 0),
(253, 'Syahnan Sembiring, SIP', 'syahnan366sembiring@gmail.com', '827ccb0eea8a706c4c34a16891f84e7b', NULL, 5, 10301, 1, 0, 0, 0, 0, 'Log Off', 0),
(254, 'Sudyanto Bancin', 'sudyantobancin.sb@gmail.com', '827ccb0eea8a706c4c34a16891f84e7b', NULL, 5, 10201, 1, 0, 0, 0, 0, 'Log Off', 0),
(255, 'Purnama Sherly Sipahutar,S.Sos', 'purnamasipahutar@gmail.com', '827ccb0eea8a706c4c34a16891f84e7b', NULL, 5, 21201, 1, 0, 0, 0, 0, 'Log Off', 0),
(256, 'Kasiman Padang,SP', 'kasiman@gmail.com', '827ccb0eea8a706c4c34a16891f84e7b', NULL, 5, 30301, 1, 0, 0, 0, 0, 'Log Off', 0),
(258, 'Risda Siburian, A.Md', 'RisdaSiburian@gmail.com', '827ccb0eea8a706c4c34a16891f84e7b', NULL, 5, 40201, 1, 0, 0, 0, 0, 'Log Off', 0),
(259, 'Nelson Pasaribu, SE', 'nelsonpasaribu@gmail.com', '827ccb0eea8a706c4c34a16891f84e7b', NULL, 5, 40107, 1, 0, 0, 0, 0, 'Log Off', 0),
(260, 'Azmi Nurjana Saragih', 'ulilazmi1972@gmail.com', '827ccb0eea8a706c4c34a16891f84e7b', NULL, 5, 10201, 1, 0, 0, 0, 0, 'Log Off', 0),
(262, 'Parulian Maibang, SPt', 'maibang@gmail.com', '827ccb0eea8a706c4c34a16891f84e7b', NULL, 5, 30301, 1, 0, 0, 0, 0, 'Log Off', 0),
(263, 'Mordehai Orba Suntuk, SH, MH', 'mordehaiorbasuntuk@gmail.com', '827ccb0eea8a706c4c34a16891f84e7b', NULL, 3, 21101, 1, 0, 0, 0, 0, 'Log Off', 0),
(264, 'Sabar Boang Manalu, S.Sos', 'sabarboang@gmail.com', '827ccb0eea8a706c4c34a16891f84e7b', NULL, 5, 10301, 1, 0, 0, 0, 0, 'Log Off', 0),
(265, 'Irwan Bako, SP. MSi', 'irwanbako@gmail.com', '827ccb0eea8a706c4c34a16891f84e7b', NULL, 5, 40107, 1, 0, 0, 0, 0, 'Log Off', 0),
(266, 'Hotni Sinamo,SP', 'hotni@gmail.com', '827ccb0eea8a706c4c34a16891f84e7b', NULL, 5, 30301, 1, 0, 0, 0, 0, 'Log Off', 0),
(267, 'Beny M. Anakampun, S.AP', 'benyanakampun@gmail.com', '827ccb0eea8a706c4c34a16891f84e7b', NULL, 5, 40107, 1, 0, 0, 0, 0, 'Log Off', 0),
(269, 'Jan Rudy Hartono Silalahi, SE', 'janrudisilalahi@gmail.com', '827ccb0eea8a706c4c34a16891f84e7b', NULL, 5, 40107, 1, 0, 0, 0, 0, 'Log Off', 0),
(270, 'Yusnani Lingga, S.Pd', 'yusnanilingga@gmail.com', '827ccb0eea8a706c4c34a16891f84e7b', NULL, 5, 21101, 1, 0, 0, 0, 0, 'Log Off', 0),
(271, 'Lian Sinamo, S.Pd, MM', 'sinamosaslian265@gmail.com', '827ccb0eea8a706c4c34a16891f84e7b', NULL, 4, 21601, 1, 0, 0, 0, 0, 'Log Off', 0),
(272, 'Arie Arwansyah,SPi', 'arie@gmail.com', '827ccb0eea8a706c4c34a16891f84e7b', NULL, 5, 30301, 1, 0, 0, 0, 0, 'Log Off', 0),
(273, 'Varida Frisda Berutu,SKM', 'varidaberutu12@gmail.com', '827ccb0eea8a706c4c34a16891f84e7b', NULL, 5, 10201, 1, 0, 0, 0, 0, 'Log Off', 0),
(275, 'Makruf Manik, S.Sos', 'makrufmanik@gmail.com', '827ccb0eea8a706c4c34a16891f84e7b', NULL, 5, 40107, 1, 0, 0, 0, 0, 'Log Off', 0),
(276, 'Magdalena Tumanggor', 'magdalenagiselya@gmail.com', '827ccb0eea8a706c4c34a16891f84e7b', NULL, 5, 21101, 1, 0, 0, 0, 0, 'Log Off', 0),
(277, 'Suryansyah Tindaon,S.Kep', 'Suryansah.tindaon@yahoo.co.id', '827ccb0eea8a706c4c34a16891f84e7b', NULL, 5, 10201, 1, 0, 0, 0, 0, 'Log Off', 0),
(278, 'Raimon Barki Maha, ST', 'remonbarkimaha@gmail.com', '827ccb0eea8a706c4c34a16891f84e7b', NULL, 5, 21101, 1, 0, 0, 0, 0, 'Log Off', 0),
(279, 'dr. Tomas,MM', 'tomasdr1968@gmail.com', '827ccb0eea8a706c4c34a16891f84e7b', NULL, 3, 10201, 1, 0, 0, 0, 0, 'Log Off', 0),
(281, 'Rembangkuh Tumpal Manik, S.Sos', 'manik.tumpal@yahoo.co.id', '827ccb0eea8a706c4c34a16891f84e7b', NULL, 5, 21101, 1, 0, 0, 0, 0, 'Log Off', 0),
(282, 'Susi Vera L Pakpahan,SKM,M.Kes', 'susi.pakpahan@yahoo.com', '827ccb0eea8a706c4c34a16891f84e7b', NULL, 5, 10201, 1, 0, 0, 0, 0, 'Log Off', 0),
(283, 'Minar Berutu', 'minarberutu@gmail.com', '827ccb0eea8a706c4c34a16891f84e7b', NULL, 5, 40104, 1, 0, 0, 0, 0, 'Log Off', 0),
(284, 'Hasan Basri, SE', 'hasanboangmanalu@gmail.com', '827ccb0eea8a706c4c34a16891f84e7b', NULL, 5, 40401, 1, 0, 0, 0, 0, 'Log Off', 0),
(285, 'Sri Marganda Ujung,SKM', 'srigandaujung@yahoo.com', '827ccb0eea8a706c4c34a16891f84e7b', NULL, 5, 10201, 1, 0, 0, 0, 0, 'Log Off', 0),
(286, 'Purnawan', 'purnawan@gmail.com', '827ccb0eea8a706c4c34a16891f84e7b', NULL, 5, 40104, 1, 0, 0, 0, 0, 'Log Off', 0),
(287, 'Agustinus Meyer Sirait, A. Md', 'dipeka.agust@gmail.com', '827ccb0eea8a706c4c34a16891f84e7b', NULL, 5, 40401, 1, 0, 0, 0, 0, 'Log Off', 0),
(288, 'Sarma R.Irma Simanullang,S.I.P', 'sarma@gmail.com', '827ccb0eea8a706c4c34a16891f84e7b', NULL, 5, 40104, 1, 0, 0, 0, 0, 'Log Off', 0),
(289, 'Marudut Fernando Berutu, SE', 'brutufernando@gmail.com', '827ccb0eea8a706c4c34a16891f84e7b', NULL, 5, 40401, 1, 0, 0, 0, 0, 'Log Off', 0),
(290, 'Helen Wasti Mersia, SE', 'helen06mersia@gmail.com', '827ccb0eea8a706c4c34a16891f84e7b', NULL, 5, 40401, 1, 0, 0, 0, 0, 'Log Off', 0),
(291, 'Reni Fransiska Berutu, SE', 'berutufransiska@gmail.com', '827ccb0eea8a706c4c34a16891f84e7b', NULL, 5, 40401, 1, 0, 0, 0, 0, 'Log Off', 0),
(292, 'Rahmat Berutu, SE', 'dippekarbt@gmail.com', '827ccb0eea8a706c4c34a16891f84e7b', NULL, 5, 40401, 1, 0, 0, 0, 0, 'Log Off', 0),
(293, 'Marudut Situmorang, SH., MH', 'marudutsitumorang80pptk@yahoo.', '827ccb0eea8a706c4c34a16891f84e7b', NULL, 5, 40401, 1, 0, 0, 0, 0, 'Log Off', 0),
(294, 'Mike Donna Berutu, SE', 'mikedonnaberutu@gmail.com', '827ccb0eea8a706c4c34a16891f84e7b', NULL, 5, 40401, 1, 0, 0, 0, 0, 'Log Off', 0),
(295, 'Mangihut Enyuni Berasa, SAB', 'mangihut.barasa80@gmail.com', '827ccb0eea8a706c4c34a16891f84e7b', NULL, 5, 40401, 1, 0, 0, 0, 0, 'Log Off', 0),
(296, 'Friska Imelda Bakkara,SKM', 'friskabakkara79@gmail.com', '827ccb0eea8a706c4c34a16891f84e7b', NULL, 5, 10201, 1, 0, 0, 0, 0, 'Log Off', 0),
(297, 'Peryanto Jan Wandi Pasi, SH', 'peryantopasi@gmail.com', '827ccb0eea8a706c4c34a16891f84e7b', NULL, 5, 40401, 1, 0, 0, 0, 0, 'Log Off', 0),
(298, 'Marudut Lingga, S. Kom', 'marudutl@yahoo.com', '827ccb0eea8a706c4c34a16891f84e7b', NULL, 5, 40401, 1, 0, 0, 0, 0, 'Log Off', 0),
(300, 'Jefri Manalu', 'Jefrimanalu2@gmail.com', '827ccb0eea8a706c4c34a16891f84e7b', NULL, 5, 10201, 1, 0, 0, 0, 0, 'Log Off', 0),
(301, 'Dra. Nurita Berutu', 'nuritaberutuberutu@gmail.com', 'e10adc3949ba59abbe56e057f20f883e', NULL, 3, 40401, 1, 0, 0, 0, 0, 'Log Off', 0),
(302, 'Sahnan Bintang, SAP', 'sahnanbintang@gmail.com', '827ccb0eea8a706c4c34a16891f84e7b', NULL, 5, 40401, 1, 0, 0, 0, 0, 'Log Off', 0),
(303, 'Helen Hendawaty Panggabean,SP', 'helen@gmail.com', '827ccb0eea8a706c4c34a16891f84e7b', NULL, 5, 30301, 1, 0, 0, 0, 0, 'Log Off', 0),
(304, 'Tara Munte, SP', 'tara@gmail.com', '827ccb0eea8a706c4c34a16891f84e7b', NULL, 5, 30301, 1, 0, 0, 0, 0, 'Log Off', 0),
(305, 'Iwan Taruna Berutu, ST, M.Si.', 'Iwan11@gmail.com', '827ccb0eea8a706c4c34a16891f84e7b', NULL, 3, 40103, 1, 0, 0, 0, 0, 'Log Off', 0),
(306, 'Leodina Banurea, SH', 'LeodinaBanurea@gmail.com', '827ccb0eea8a706c4c34a16891f84e7b', NULL, 5, 40201, 1, 0, 0, 0, 0, 'Log Off', 0),
(307, 'dr. Elpina Siska Sitepu', 'elpinasitepu09@gmail.com', '827ccb0eea8a706c4c34a16891f84e7b', NULL, 5, 10201, 1, 0, 0, 0, 0, 'Log Off', 0),
(308, 'dr. Sanata H. Habeahan', 'Sanata720521@gmail.com', '827ccb0eea8a706c4c34a16891f84e7b', NULL, 5, 10201, 1, 0, 0, 0, 0, 'Log Off', 0),
(309, 'dr. Yori Maha', 'Yorimaha12@gmail.com', '827ccb0eea8a706c4c34a16891f84e7b', NULL, 5, 10201, 1, 0, 0, 0, 0, 'Log Off', 0),
(311, 'Roinda Napitupulu,SKM', 'Roinda.napitupulu@yahoo.co.id', '827ccb0eea8a706c4c34a16891f84e7b', NULL, 5, 10201, 1, 0, 0, 0, 0, 'Log Off', 0),
(312, 'Roy Efraim Bancin,SE', 'roy@gmail.Com', '827ccb0eea8a706c4c34a16891f84e7b', NULL, 5, 40103, 1, 0, 0, 0, 0, 'Log Off', 0),
(313, 'Sulastri  Berutu,SKM', 'sulastriberuto@gmail.com', '827ccb0eea8a706c4c34a16891f84e7b', NULL, 5, 10201, 1, 0, 0, 0, 0, 'Log Off', 0),
(314, 'dr. Rayes Iskandar ', 'rayesiskandar@yahoo.com', '827ccb0eea8a706c4c34a16891f84e7b', NULL, 5, 10201, 1, 0, 0, 0, 0, 'Log Off', 0),
(315, 'dr. Meilan C. Manurung', 'meilanmanurung@yahoo.com', '827ccb0eea8a706c4c34a16891f84e7b', NULL, 5, 10201, 1, 0, 0, 0, 0, 'Log Off', 0),
(316, 'Leyla N. Sinaga, S.Si, Apt', 'gemuruhgemuruh@gmail.com', '827ccb0eea8a706c4c34a16891f84e7b', NULL, 5, 10201, 1, 0, 0, 0, 0, 'Log Off', 0),
(317, 'Piter Hariono Hutapea', 'pthutapea@gmail.com', '827ccb0eea8a706c4c34a16891f84e7b', NULL, 5, 10201, 1, 0, 0, 0, 0, 'Log Off', 0),
(318, 'Jonni Feber  Solin, SE, MSi', 'solinjonnifeber@gmail.com', '827ccb0eea8a706c4c34a16891f84e7b', NULL, 4, 21101, 1, 0, 0, 0, 0, 'Log Off', 0),
(319, 'Elbri Berutu, ST', 'elbrikoen@gmail.com', '827ccb0eea8a706c4c34a16891f84e7b', NULL, 5, 21101, 1, 0, 0, 0, 0, 'Log Off', 0),
(320, 'Salomo Hans F. Panggabean, ST', 'hansgabe@gmail.com', '827ccb0eea8a706c4c34a16891f84e7b', NULL, 5, 21101, 1, 0, 0, 0, 0, 'Log Off', 0),
(321, 'Cristopel Purba, A.Md', 'christopelpurba82@gmail.com', '827ccb0eea8a706c4c34a16891f84e7b', NULL, 5, 21101, 1, 0, 0, 0, 0, 'Log Off', 0),
(322, 'Drs. AMRIN BERUTU', 'amrin@gmail.com', 'e10adc3949ba59abbe56e057f20f883e', NULL, 3, 40111, 1, 0, 0, 0, 0, 'Log Off', 0),
(323, 'Drs. AMRIN BERUTU', 'amrinppk@.com', 'e10adc3949ba59abbe56e057f20f883e', NULL, 4, 40111, 1, 0, 0, 0, 0, 'Log Off', 0),
(324, 'Ruth Ave M. Tumanggor, AMA.Par', 'ruthavetumangger@gmai.com', '827ccb0eea8a706c4c34a16891f84e7b', NULL, 5, 21601, 1, 0, 0, 0, 0, 'Log Off', 0),
(325, 'Salvinus Pardosi,  Ak.', 'Dosisalvinuspardosi@gmail.com', '827ccb0eea8a706c4c34a16891f84e7b', NULL, 4, 40401, 1, 0, 0, 0, 0, 'Log Off', 0),
(326, 'Basa manik', 'basamanik@gmail.com', '827ccb0eea8a706c4c34a16891f84e7b', NULL, 4, 40112, 1, 0, 0, 0, 0, 'Log Off', 0),
(327, 'Lowis  Frando Saragih', 'frandsaragih@gmail.com', '827ccb0eea8a706c4c34a16891f84e7b', NULL, 4, 10501, 1, 0, 0, 0, 0, 'Log Off', 0),
(328, 'Helna Sianturi, SH', 'helna.flora@gmail.com', '822858add432b8b5dedfb727aef2ed81', NULL, 5, 40106, 1, 0, 0, 0, 0, 'Log Off', 0),
(329, 'Siti Khadizah Hasibuan', 'siti@gmail.com', '827ccb0eea8a706c4c34a16891f84e7b', NULL, 5, 10101, 1, 0, 0, 0, 0, 'Log Off', 0),
(330, 'Januar Hamonangan Tumanggor, S', 'doanta.2013@gmail.com', '827ccb0eea8a706c4c34a16891f84e7b', NULL, 5, 10101, 1, 0, 0, 0, 0, 'Log Off', 0),
(331, 'Hendrayani Tinendung', 'siempatrube@gmail.com', '827ccb0eea8a706c4c34a16891f84e7b', NULL, 2, 40110, 1, 0, 0, 0, 0, 'Log Off', 0),
(332, 'Efendi Berutu', 'efendiberutuppk@gmail.com', '827ccb0eea8a706c4c34a16891f84e7b', NULL, 4, 40110, 1, 0, 0, 0, 0, 'Log Off', 0),
(333, 'Mrih sangap Lingga', 'mrihsangaplingga@gmail.com', '827ccb0eea8a706c4c34a16891f84e7b', NULL, 5, 40110, 1, 0, 0, 0, 0, 'Log Off', 0),
(334, 'Hendrayani Tinendung, S.Sos', 'hendrayanitinendung@gmail.com', '827ccb0eea8a706c4c34a16891f84e7b', NULL, 5, 40110, 1, 0, 0, 0, 0, 'Log Off', 0),
(335, 'Laila tetty Angkat, S.Sos', 'lailaangkat1@gmail.com', '827ccb0eea8a706c4c34a16891f84e7b', NULL, 5, 40110, 1, 0, 0, 0, 0, 'Log Off', 0),
(336, 'Humala Sitorus', 'torus.0312@gmail.com', '827ccb0eea8a706c4c34a16891f84e7b', NULL, 5, 40110, 1, 0, 0, 0, 0, 'Log Off', 0),
(337, 'Jekson Cibro', 'jeksoncibro@gmail.com', '827ccb0eea8a706c4c34a16891f84e7b', NULL, 5, 40110, 1, 0, 0, 0, 0, 'Log Off', 0),
(338, 'Manogari Siahaan', 'manogarisiahaan@gmail.com', '827ccb0eea8a706c4c34a16891f84e7b', NULL, 5, 40110, 1, 0, 0, 0, 0, 'Log Off', 0),
(339, 'Kominfo Prog', 'kominfo@gmail.com', '7be702b8f10a5784171b1a59d711d898', NULL, 1, 21001, 1, 0, 0, 0, 0, 'Log Off', 0),
(340, 'Efendi Berutu', 'efendiberutukpa@gmail.com', '827ccb0eea8a706c4c34a16891f84e7b', NULL, 3, 40110, 1, 0, 0, 0, 0, 'Log Off', 0),
(341, 'Porman Bancin', 'pormanbancin@gmail.com', '827ccb0eea8a706c4c34a16891f84e7b', NULL, 5, 40110, 1, 0, 0, 0, 0, 'Log Off', 0),
(342, 'aslim lingga', 'aslim@gmail.com', '827ccb0eea8a706c4c34a16891f84e7b', NULL, 2, 10401, 1, 0, 0, 0, 0, 'Log Off', 0),
(343, 'SARIYANTO, S.Kom', 'sariyanto@gmail.com', 'e10adc3949ba59abbe56e057f20f883e', NULL, 2, 21001, 1, 0, 0, 0, 0, 'Log Off', 0),
(347, 'Ekuin Rafael Tarigan', 'ekfata1@gmail.com', '827ccb0eea8a706c4c34a16891f84e7b', NULL, 4, 10301, 1, 0, 0, 0, 0, 'Log Off', 0),
(348, 'Ganti Erna Marihut Cibro', 'ernacibro12@gmail.com', 'e10adc3949ba59abbe56e057f20f883e', NULL, 5, 40105, 1, 0, 0, 0, 0, 'Log Off', 0),
(349, 'Tumpal Hutapea, A.Md', 'tumpalhutapea@gmail.com', '827ccb0eea8a706c4c34a16891f84e7b', NULL, 5, 40301, 1, 0, 0, 0, 0, 'Log Off', 0),
(350, 'Imelda F. T. Tambunan, ST', 'imeldatambunan@gmail.com', '827ccb0eea8a706c4c34a16891f84e7b', NULL, 5, 40301, 1, 0, 0, 0, 0, 'Log Off', 0),
(353, 'dr.Elysa Barus', 'baruselysa@yahoo.co.id', '827ccb0eea8a706c4c34a16891f84e7b', NULL, 4, 10201, 1, 0, 0, 0, 0, 'Log Off', 0),
(354, 'Rahmat Berutu', 'dippekarbt@gmail.com', '827ccb0eea8a706c4c34a16891f84e7b', NULL, 5, 40401, 1, 0, 0, 0, 0, 'Log Off', 0),
(355, 'sariyanto', 'sariyantozafaliku@gmail.com', '7be702b8f10a5784171b1a59d711d898', NULL, 1, 21001, 1, 0, 0, 0, 0, 'Log Off', 0),
(356, 'grim', 'mrgrimid2@gmail.com', '0d7a0182b5297ae66d9f4b62d5bff957', NULL, 1, 10101, 1, 0, 0, 0, 0, 'Log Off', 0);

-- --------------------------------------------------------

--
-- Struktur dari tabel `tbl_user_access`
--

CREATE TABLE IF NOT EXISTS `tbl_user_access` (
`accessID` int(11) NOT NULL,
  `groupID` int(11) NOT NULL DEFAULT '0',
  `functionID` int(11) NOT NULL DEFAULT '0',
  `action_1` int(1) NOT NULL DEFAULT '0',
  `action_2` int(1) NOT NULL DEFAULT '0',
  `action_3` int(1) NOT NULL DEFAULT '0',
  `action_4` int(1) NOT NULL DEFAULT '0',
  `action_5` int(1) NOT NULL DEFAULT '0',
  `deleted` char(1) NOT NULL DEFAULT 'N'
) ENGINE=InnoDB  DEFAULT CHARSET=latin1 AUTO_INCREMENT=901 ;

--
-- Dumping data untuk tabel `tbl_user_access`
--

INSERT INTO `tbl_user_access` (`accessID`, `groupID`, `functionID`, `action_1`, `action_2`, `action_3`, `action_4`, `action_5`, `deleted`) VALUES
(1, 1, 1, 1, 1, 1, 1, 1, 'N'),
(2, 1, 2, 1, 1, 1, 1, 1, 'N'),
(3, 1, 3, 1, 1, 1, 1, 1, 'N'),
(4, 1, 4, 1, 1, 1, 1, 1, 'N'),
(5, 1, 5, 1, 1, 1, 1, 1, 'N'),
(6, 1, 6, 1, 1, 1, 1, 1, 'N'),
(7, 1, 7, 1, 1, 1, 1, 1, 'N'),
(8, 1, 8, 1, 1, 1, 1, 1, 'N'),
(9, 1, 9, 1, 1, 1, 1, 1, 'N'),
(10, 1, 10, 1, 1, 1, 1, 1, 'N'),
(11, 1, 11, 1, 1, 1, 1, 1, 'N'),
(12, 1, 12, 1, 1, 1, 1, 1, 'N'),
(13, 1, 13, 1, 1, 1, 1, 1, 'N'),
(14, 1, 14, 1, 1, 1, 1, 1, 'N'),
(15, 1, 15, 1, 1, 1, 1, 1, 'N'),
(16, 1, 16, 1, 1, 1, 1, 1, 'N'),
(17, 1, 17, 1, 1, 1, 1, 1, 'N'),
(18, 1, 18, 1, 1, 1, 1, 1, 'N'),
(19, 1, 19, 1, 1, 1, 1, 1, 'N'),
(20, 1, 20, 1, 1, 1, 1, 1, 'N'),
(21, 1, 21, 1, 1, 1, 1, 1, 'N'),
(22, 1, 22, 1, 1, 1, 1, 1, 'N'),
(23, 1, 23, 1, 1, 1, 1, 1, 'N'),
(24, 1, 24, 1, 1, 1, 1, 1, 'N'),
(25, 1, 25, 1, 1, 1, 1, 1, 'N'),
(26, 1, 26, 1, 1, 1, 1, 1, 'N'),
(27, 1, 27, 1, 1, 1, 1, 1, 'N'),
(28, 1, 28, 1, 1, 1, 1, 1, 'N'),
(29, 1, 29, 1, 1, 1, 1, 1, 'N'),
(30, 1, 30, 1, 1, 1, 1, 1, 'N'),
(31, 1, 31, 1, 1, 1, 1, 1, 'N'),
(32, 1, 32, 1, 1, 1, 1, 1, 'N'),
(33, 1, 33, 1, 1, 1, 1, 1, 'N'),
(34, 1, 34, 1, 1, 1, 1, 0, 'N'),
(35, 1, 35, 1, 1, 1, 1, 0, 'N'),
(36, 1, 36, 1, 1, 1, 1, 0, 'N'),
(37, 1, 37, 1, 1, 1, 1, 0, 'N'),
(38, 1, 38, 0, 0, 0, 0, 0, 'N'),
(39, 1, 39, 0, 0, 0, 0, 0, 'N'),
(40, 1, 40, 0, 0, 0, 0, 0, 'N'),
(41, 1, 41, 0, 0, 0, 0, 0, 'N'),
(42, 1, 42, 0, 0, 0, 0, 0, 'N'),
(43, 1, 43, 0, 0, 0, 0, 0, 'N'),
(44, 1, 44, 1, 1, 1, 1, 0, 'N'),
(45, 1, 45, 1, 1, 1, 1, 0, 'N'),
(46, 2, 1, 1, 1, 1, 1, 1, 'N'),
(47, 2, 2, 1, 1, 1, 1, 1, 'N'),
(48, 2, 3, 1, 1, 1, 1, 1, 'N'),
(49, 2, 4, 1, 1, 1, 1, 1, 'N'),
(50, 2, 5, 1, 1, 1, 1, 1, 'N'),
(51, 2, 6, 1, 1, 1, 1, 1, 'N'),
(52, 2, 7, 1, 1, 1, 1, 1, 'N'),
(53, 2, 8, 1, 1, 1, 1, 1, 'N'),
(54, 2, 9, 1, 1, 1, 1, 1, 'N'),
(55, 2, 10, 1, 1, 1, 1, 1, 'N'),
(56, 2, 11, 1, 1, 1, 1, 1, 'N'),
(57, 2, 12, 1, 1, 1, 1, 1, 'N'),
(58, 2, 13, 1, 0, 0, 0, 1, 'N'),
(59, 2, 14, 1, 0, 0, 0, 1, 'N'),
(60, 2, 15, 1, 0, 0, 0, 1, 'N'),
(61, 2, 16, 1, 0, 0, 0, 1, 'N'),
(62, 2, 17, 1, 0, 0, 0, 1, 'N'),
(63, 2, 18, 1, 0, 0, 0, 1, 'N'),
(64, 2, 19, 1, 0, 0, 0, 1, 'N'),
(65, 2, 20, 1, 0, 0, 0, 1, 'N'),
(66, 2, 21, 1, 0, 0, 0, 1, 'N'),
(67, 2, 22, 1, 0, 0, 0, 1, 'N'),
(68, 2, 23, 1, 0, 0, 0, 1, 'N'),
(69, 2, 24, 1, 0, 0, 0, 1, 'N'),
(70, 2, 25, 1, 0, 0, 0, 1, 'N'),
(71, 2, 26, 1, 0, 0, 0, 1, 'N'),
(72, 2, 27, 1, 0, 0, 0, 1, 'N'),
(73, 2, 28, 1, 0, 0, 0, 1, 'N'),
(74, 2, 29, 1, 0, 0, 0, 1, 'N'),
(75, 2, 30, 1, 0, 0, 0, 1, 'N'),
(76, 2, 31, 1, 0, 0, 0, 1, 'N'),
(77, 2, 32, 1, 0, 0, 0, 1, 'N'),
(78, 2, 33, 1, 0, 0, 0, 1, 'N'),
(79, 2, 34, 0, 0, 0, 0, 0, 'N'),
(80, 2, 35, 0, 0, 0, 0, 0, 'N'),
(81, 2, 36, 0, 0, 0, 0, 0, 'N'),
(82, 2, 37, 0, 0, 0, 0, 0, 'N'),
(83, 2, 38, 0, 0, 0, 0, 0, 'N'),
(84, 2, 39, 0, 0, 0, 0, 0, 'N'),
(85, 2, 40, 0, 0, 0, 0, 0, 'N'),
(86, 2, 41, 0, 0, 0, 0, 0, 'N'),
(87, 2, 42, 0, 0, 0, 0, 0, 'N'),
(88, 2, 43, 0, 0, 0, 0, 0, 'N'),
(89, 2, 44, 0, 0, 0, 0, 0, 'N'),
(90, 2, 45, 0, 0, 0, 0, 0, 'N'),
(91, 3, 1, 0, 0, 0, 0, 1, 'N'),
(92, 3, 2, 0, 0, 0, 0, 1, 'N'),
(93, 3, 3, 1, 1, 1, 1, 1, 'N'),
(94, 3, 4, 0, 0, 0, 0, 1, 'N'),
(95, 3, 5, 0, 0, 0, 0, 1, 'N'),
(96, 3, 6, 1, 1, 1, 1, 1, 'N'),
(97, 3, 7, 1, 1, 1, 1, 1, 'N'),
(98, 3, 8, 1, 1, 1, 1, 1, 'N'),
(99, 3, 9, 1, 1, 1, 1, 1, 'N'),
(100, 3, 10, 0, 0, 0, 0, 1, 'N'),
(101, 3, 11, 0, 0, 0, 0, 1, 'N'),
(102, 3, 12, 0, 0, 0, 0, 1, 'N'),
(103, 3, 13, 0, 0, 0, 0, 1, 'N'),
(104, 3, 14, 0, 0, 0, 0, 1, 'N'),
(105, 3, 15, 0, 0, 0, 0, 1, 'N'),
(106, 3, 16, 0, 0, 0, 0, 1, 'N'),
(107, 3, 17, 0, 0, 0, 0, 1, 'N'),
(108, 3, 18, 0, 0, 0, 0, 1, 'N'),
(109, 3, 19, 0, 0, 0, 0, 1, 'N'),
(110, 3, 20, 0, 0, 0, 0, 1, 'N'),
(111, 3, 21, 0, 0, 0, 0, 1, 'N'),
(112, 3, 22, 0, 0, 0, 0, 1, 'N'),
(113, 3, 23, 0, 0, 0, 0, 1, 'N'),
(114, 3, 24, 0, 0, 0, 0, 1, 'N'),
(115, 3, 25, 0, 0, 0, 0, 1, 'N'),
(116, 3, 26, 0, 0, 0, 0, 1, 'N'),
(117, 3, 27, 0, 0, 0, 0, 1, 'N'),
(118, 3, 28, 0, 0, 0, 0, 1, 'N'),
(119, 3, 29, 0, 0, 0, 0, 1, 'N'),
(120, 3, 30, 0, 0, 0, 0, 1, 'N'),
(121, 3, 31, 0, 0, 0, 0, 1, 'N'),
(122, 3, 32, 0, 0, 0, 0, 1, 'N'),
(123, 3, 33, 0, 0, 0, 0, 1, 'N'),
(124, 3, 34, 0, 0, 0, 0, 0, 'N'),
(125, 3, 35, 0, 0, 0, 0, 0, 'N'),
(126, 3, 36, 0, 0, 0, 0, 0, 'N'),
(127, 3, 37, 0, 0, 0, 0, 0, 'N'),
(128, 3, 38, 0, 0, 0, 0, 0, 'N'),
(129, 3, 39, 0, 0, 0, 0, 0, 'N'),
(130, 3, 40, 0, 0, 0, 0, 0, 'N'),
(131, 3, 41, 0, 0, 0, 0, 0, 'N'),
(132, 3, 42, 0, 0, 0, 0, 0, 'N'),
(133, 3, 43, 0, 0, 0, 0, 0, 'N'),
(134, 3, 44, 0, 0, 0, 0, 0, 'N'),
(135, 3, 45, 0, 0, 0, 0, 0, 'N'),
(136, 4, 1, 0, 0, 0, 0, 1, 'N'),
(137, 4, 2, 0, 0, 0, 0, 1, 'N'),
(138, 4, 3, 0, 0, 0, 0, 1, 'N'),
(139, 4, 4, 0, 0, 0, 0, 1, 'N'),
(140, 4, 5, 0, 0, 0, 0, 1, 'N'),
(141, 4, 6, 0, 0, 0, 0, 1, 'N'),
(142, 4, 7, 0, 0, 0, 0, 1, 'N'),
(143, 4, 8, 0, 0, 0, 0, 1, 'N'),
(144, 4, 9, 0, 0, 0, 0, 1, 'N'),
(145, 4, 10, 0, 0, 0, 0, 0, 'N'),
(146, 4, 11, 0, 0, 0, 0, 0, 'N'),
(147, 4, 12, 0, 0, 0, 0, 0, 'N'),
(148, 4, 13, 0, 0, 0, 0, 0, 'N'),
(149, 4, 14, 0, 0, 0, 0, 0, 'N'),
(150, 4, 15, 0, 0, 0, 0, 0, 'N'),
(151, 4, 16, 0, 0, 0, 0, 0, 'N'),
(152, 4, 17, 0, 0, 0, 0, 0, 'N'),
(153, 4, 18, 0, 0, 0, 0, 0, 'N'),
(154, 4, 19, 0, 0, 0, 0, 0, 'N'),
(155, 4, 20, 0, 0, 0, 0, 0, 'N'),
(156, 4, 21, 0, 0, 0, 0, 0, 'N'),
(157, 4, 22, 0, 0, 0, 0, 0, 'N'),
(158, 4, 23, 0, 0, 0, 0, 0, 'N'),
(159, 4, 24, 0, 0, 0, 0, 0, 'N'),
(160, 4, 25, 0, 0, 0, 0, 0, 'N'),
(161, 4, 26, 0, 0, 0, 0, 0, 'N'),
(162, 4, 27, 0, 0, 0, 0, 0, 'N'),
(163, 4, 28, 0, 0, 0, 0, 0, 'N'),
(164, 4, 29, 0, 0, 0, 0, 0, 'N'),
(165, 4, 30, 0, 0, 0, 0, 0, 'N'),
(166, 4, 31, 0, 0, 0, 0, 0, 'N'),
(167, 4, 32, 0, 0, 0, 0, 0, 'N'),
(168, 4, 33, 0, 0, 0, 0, 0, 'N'),
(169, 4, 34, 0, 0, 0, 0, 0, 'N'),
(170, 4, 35, 0, 0, 0, 0, 0, 'N'),
(171, 4, 36, 0, 0, 0, 0, 0, 'N'),
(172, 4, 37, 0, 0, 0, 0, 0, 'N'),
(173, 4, 38, 0, 0, 0, 0, 0, 'N'),
(174, 4, 39, 0, 0, 0, 0, 0, 'N'),
(175, 4, 40, 0, 0, 0, 0, 0, 'N'),
(176, 4, 41, 0, 0, 0, 0, 0, 'N'),
(177, 4, 42, 0, 0, 0, 0, 0, 'N'),
(178, 4, 43, 0, 0, 0, 0, 0, 'N'),
(179, 4, 44, 0, 0, 0, 0, 0, 'N'),
(180, 4, 45, 0, 0, 0, 0, 0, 'N'),
(181, 5, 1, 0, 0, 0, 0, 1, 'N'),
(182, 5, 2, 0, 0, 0, 0, 1, 'N'),
(183, 5, 3, 0, 0, 0, 0, 1, 'N'),
(184, 5, 4, 0, 0, 0, 0, 1, 'N'),
(185, 5, 5, 0, 0, 0, 0, 1, 'N'),
(186, 5, 6, 0, 0, 0, 0, 1, 'N'),
(187, 5, 7, 0, 0, 0, 0, 1, 'N'),
(188, 5, 8, 0, 0, 0, 0, 1, 'N'),
(189, 5, 9, 0, 0, 0, 0, 0, 'N'),
(190, 5, 10, 0, 0, 0, 0, 0, 'N'),
(191, 5, 11, 0, 0, 0, 0, 0, 'N'),
(192, 5, 12, 0, 0, 0, 0, 0, 'N'),
(193, 5, 13, 0, 0, 0, 0, 0, 'N'),
(194, 5, 14, 0, 0, 0, 0, 0, 'N'),
(195, 5, 15, 0, 0, 0, 0, 0, 'N'),
(196, 5, 16, 0, 0, 0, 0, 0, 'N'),
(197, 5, 17, 0, 0, 0, 0, 0, 'N'),
(198, 5, 18, 0, 0, 0, 0, 0, 'N'),
(199, 5, 19, 0, 0, 0, 0, 0, 'N'),
(200, 5, 20, 0, 0, 0, 0, 0, 'N'),
(201, 5, 21, 0, 0, 0, 0, 0, 'N'),
(202, 5, 22, 0, 0, 0, 0, 0, 'N'),
(203, 5, 23, 0, 0, 0, 0, 0, 'N'),
(204, 5, 24, 0, 0, 0, 0, 0, 'N'),
(205, 5, 25, 0, 0, 0, 0, 0, 'N'),
(206, 5, 26, 0, 0, 0, 0, 0, 'N'),
(207, 5, 27, 0, 0, 0, 0, 0, 'N'),
(208, 5, 28, 0, 0, 0, 0, 0, 'N'),
(209, 5, 29, 0, 0, 0, 0, 0, 'N'),
(210, 5, 30, 0, 0, 0, 0, 0, 'N'),
(211, 5, 31, 0, 0, 0, 0, 0, 'N'),
(212, 5, 32, 0, 0, 0, 0, 0, 'N'),
(213, 5, 33, 0, 0, 0, 0, 0, 'N'),
(214, 5, 34, 0, 0, 0, 0, 0, 'N'),
(215, 5, 35, 0, 0, 0, 0, 0, 'N'),
(216, 5, 36, 0, 0, 0, 0, 0, 'N'),
(217, 5, 37, 0, 0, 0, 0, 0, 'N'),
(218, 5, 38, 0, 0, 0, 0, 0, 'N'),
(219, 5, 39, 0, 0, 0, 0, 0, 'N'),
(220, 5, 40, 0, 0, 0, 0, 0, 'N'),
(221, 5, 41, 0, 0, 0, 0, 0, 'N'),
(222, 5, 42, 0, 0, 0, 0, 0, 'N'),
(223, 5, 43, 0, 0, 0, 0, 0, 'N'),
(224, 5, 44, 0, 0, 0, 0, 0, 'N'),
(225, 5, 45, 0, 0, 0, 0, 0, 'N'),
(226, 6, 1, 0, 0, 0, 0, 0, 'N'),
(227, 6, 2, 0, 0, 0, 0, 0, 'N'),
(228, 6, 3, 0, 0, 0, 0, 0, 'N'),
(229, 6, 4, 0, 0, 0, 0, 0, 'N'),
(230, 6, 5, 0, 0, 0, 0, 0, 'N'),
(231, 6, 6, 0, 0, 0, 0, 0, 'N'),
(232, 6, 7, 0, 0, 0, 0, 0, 'N'),
(233, 6, 8, 0, 0, 0, 0, 0, 'N'),
(234, 6, 9, 0, 0, 0, 0, 0, 'N'),
(235, 6, 10, 0, 0, 0, 0, 0, 'N'),
(236, 6, 11, 0, 0, 0, 0, 0, 'N'),
(237, 6, 12, 0, 0, 0, 0, 0, 'N'),
(238, 6, 13, 0, 0, 0, 0, 0, 'N'),
(239, 6, 14, 0, 0, 0, 0, 0, 'N'),
(240, 6, 15, 0, 0, 0, 0, 0, 'N'),
(241, 6, 16, 0, 0, 0, 0, 0, 'N'),
(242, 6, 17, 0, 0, 0, 0, 0, 'N'),
(243, 6, 18, 0, 0, 0, 0, 0, 'N'),
(244, 6, 19, 0, 0, 0, 0, 0, 'N'),
(245, 6, 20, 0, 0, 0, 0, 0, 'N'),
(246, 6, 21, 0, 0, 0, 0, 0, 'N'),
(247, 6, 22, 0, 0, 0, 0, 0, 'N'),
(248, 6, 23, 0, 0, 0, 0, 0, 'N'),
(249, 6, 24, 0, 0, 0, 0, 0, 'N'),
(250, 6, 25, 0, 0, 0, 0, 0, 'N'),
(251, 6, 26, 0, 0, 0, 0, 0, 'N'),
(252, 6, 27, 0, 0, 0, 0, 0, 'N'),
(253, 6, 28, 0, 0, 0, 0, 0, 'N'),
(254, 6, 29, 0, 0, 0, 0, 0, 'N'),
(255, 6, 30, 0, 0, 0, 0, 0, 'N'),
(256, 6, 31, 0, 0, 0, 0, 0, 'N'),
(257, 6, 32, 0, 0, 0, 0, 0, 'N'),
(258, 6, 33, 0, 0, 0, 0, 0, 'N'),
(259, 6, 34, 0, 0, 0, 0, 0, 'N'),
(260, 6, 35, 0, 0, 0, 0, 0, 'N'),
(261, 6, 36, 0, 0, 0, 0, 0, 'N'),
(262, 6, 37, 0, 0, 0, 0, 0, 'N'),
(263, 6, 38, 0, 0, 0, 0, 0, 'N'),
(264, 6, 39, 0, 0, 0, 0, 0, 'N'),
(265, 6, 40, 0, 0, 0, 0, 0, 'N'),
(266, 6, 41, 0, 0, 0, 0, 0, 'N'),
(267, 6, 42, 0, 0, 0, 0, 0, 'N'),
(268, 6, 43, 0, 0, 0, 0, 0, 'N'),
(269, 6, 44, 0, 0, 0, 0, 0, 'N'),
(270, 6, 45, 0, 0, 0, 0, 0, 'N'),
(271, 7, 1, 0, 0, 0, 0, 1, 'N'),
(272, 7, 2, 0, 0, 0, 0, 1, 'N'),
(273, 7, 3, 0, 0, 0, 0, 1, 'N'),
(274, 7, 4, 0, 0, 0, 0, 1, 'N'),
(275, 7, 5, 0, 0, 0, 0, 1, 'N'),
(276, 7, 6, 0, 0, 0, 0, 1, 'N'),
(277, 7, 7, 0, 0, 0, 0, 1, 'N'),
(278, 7, 8, 0, 0, 0, 0, 1, 'N'),
(279, 7, 9, 0, 0, 0, 0, 1, 'N'),
(280, 7, 10, 0, 0, 0, 0, 1, 'N'),
(281, 7, 11, 0, 0, 0, 0, 1, 'N'),
(282, 7, 12, 0, 0, 0, 0, 1, 'N'),
(283, 7, 13, 0, 0, 0, 0, 1, 'N'),
(284, 7, 14, 0, 0, 0, 0, 1, 'N'),
(285, 7, 15, 0, 0, 0, 0, 1, 'N'),
(286, 7, 16, 0, 0, 0, 0, 1, 'N'),
(287, 7, 17, 0, 0, 0, 0, 1, 'N'),
(288, 7, 18, 0, 0, 0, 0, 1, 'N'),
(289, 7, 19, 0, 0, 0, 0, 1, 'N'),
(290, 7, 20, 0, 0, 0, 0, 1, 'N'),
(291, 7, 21, 0, 0, 0, 0, 1, 'N'),
(292, 7, 22, 0, 0, 0, 0, 1, 'N'),
(293, 7, 23, 0, 0, 0, 0, 1, 'N'),
(294, 7, 24, 0, 0, 0, 0, 1, 'N'),
(295, 7, 25, 0, 0, 0, 0, 1, 'N'),
(296, 7, 26, 0, 0, 0, 0, 1, 'N'),
(297, 7, 27, 0, 0, 0, 0, 1, 'N'),
(298, 7, 28, 0, 0, 0, 0, 1, 'N'),
(299, 7, 29, 0, 0, 0, 0, 1, 'N'),
(300, 7, 30, 0, 0, 0, 0, 1, 'N'),
(301, 7, 31, 0, 0, 0, 0, 1, 'N'),
(302, 7, 32, 0, 0, 0, 0, 1, 'N'),
(303, 7, 33, 0, 0, 0, 0, 1, 'N'),
(304, 7, 34, 0, 0, 0, 0, 0, 'N'),
(305, 7, 35, 0, 0, 0, 0, 0, 'N'),
(306, 7, 36, 0, 0, 0, 0, 0, 'N'),
(307, 7, 37, 0, 0, 0, 0, 0, 'N'),
(308, 7, 38, 0, 0, 0, 0, 0, 'N'),
(309, 7, 39, 0, 0, 0, 0, 0, 'N'),
(310, 7, 40, 0, 0, 0, 0, 0, 'N'),
(311, 7, 41, 0, 0, 0, 0, 0, 'N'),
(312, 7, 42, 0, 0, 0, 0, 0, 'N'),
(313, 7, 43, 0, 0, 0, 0, 0, 'N'),
(314, 7, 44, 0, 0, 0, 0, 0, 'N'),
(315, 7, 45, 0, 0, 0, 0, 0, 'N'),
(316, 8, 1, 0, 0, 0, 0, 0, 'N'),
(317, 8, 2, 0, 0, 0, 0, 0, 'N'),
(318, 8, 3, 0, 0, 0, 0, 0, 'N'),
(319, 8, 4, 0, 0, 0, 0, 0, 'N'),
(320, 8, 5, 0, 0, 0, 0, 0, 'N'),
(321, 8, 6, 0, 0, 0, 0, 0, 'N'),
(322, 8, 7, 0, 0, 0, 0, 0, 'N'),
(323, 8, 8, 0, 0, 0, 0, 0, 'N'),
(324, 8, 9, 0, 0, 0, 0, 0, 'N'),
(325, 8, 10, 0, 0, 0, 0, 0, 'N'),
(326, 8, 11, 0, 0, 0, 0, 0, 'N'),
(327, 8, 12, 0, 0, 0, 0, 0, 'N'),
(328, 8, 13, 0, 0, 0, 0, 0, 'N'),
(329, 8, 14, 0, 0, 0, 0, 0, 'N'),
(330, 8, 15, 0, 0, 0, 0, 0, 'N'),
(331, 8, 16, 0, 0, 0, 0, 0, 'N'),
(332, 8, 17, 0, 0, 0, 0, 0, 'N'),
(333, 8, 18, 0, 0, 0, 0, 0, 'N'),
(334, 8, 19, 0, 0, 0, 0, 0, 'N'),
(335, 8, 20, 0, 0, 0, 0, 0, 'N'),
(336, 8, 21, 0, 0, 0, 0, 0, 'N'),
(337, 8, 22, 0, 0, 0, 0, 0, 'N'),
(338, 8, 23, 0, 0, 0, 0, 0, 'N'),
(339, 8, 24, 0, 0, 0, 0, 0, 'N'),
(340, 8, 25, 0, 0, 0, 0, 0, 'N'),
(341, 8, 26, 0, 0, 0, 0, 0, 'N'),
(342, 8, 27, 0, 0, 0, 0, 0, 'N'),
(343, 8, 28, 0, 0, 0, 0, 0, 'N'),
(344, 8, 29, 0, 0, 0, 0, 0, 'N'),
(345, 8, 30, 0, 0, 0, 0, 0, 'N'),
(346, 8, 31, 0, 0, 0, 0, 0, 'N'),
(347, 8, 32, 0, 0, 0, 0, 0, 'N'),
(348, 8, 33, 0, 0, 0, 0, 0, 'N'),
(349, 8, 34, 0, 0, 0, 0, 0, 'N'),
(350, 8, 35, 0, 0, 0, 0, 0, 'N'),
(351, 8, 36, 0, 0, 0, 0, 0, 'N'),
(352, 8, 37, 0, 0, 0, 0, 0, 'N'),
(353, 8, 38, 0, 0, 0, 0, 0, 'N'),
(354, 8, 39, 0, 0, 0, 0, 0, 'N'),
(355, 8, 40, 0, 0, 0, 0, 0, 'N'),
(356, 8, 41, 0, 0, 0, 0, 0, 'N'),
(357, 8, 42, 0, 0, 0, 0, 0, 'N'),
(358, 8, 43, 0, 0, 0, 0, 0, 'N'),
(359, 8, 44, 0, 0, 0, 0, 0, 'N'),
(360, 8, 45, 0, 0, 0, 0, 0, 'N'),
(361, 9, 1, 0, 0, 0, 0, 0, 'N'),
(362, 9, 2, 0, 0, 0, 0, 0, 'N'),
(363, 9, 3, 0, 0, 0, 0, 0, 'N'),
(364, 9, 4, 0, 0, 0, 0, 0, 'N'),
(365, 9, 5, 0, 0, 0, 0, 0, 'N'),
(366, 9, 6, 0, 0, 0, 0, 0, 'N'),
(367, 9, 7, 0, 0, 0, 0, 0, 'N'),
(368, 9, 8, 0, 0, 0, 0, 0, 'N'),
(369, 9, 9, 0, 0, 0, 0, 0, 'N'),
(370, 9, 10, 0, 0, 0, 0, 0, 'N'),
(371, 9, 11, 0, 0, 0, 0, 0, 'N'),
(372, 9, 12, 0, 0, 0, 0, 0, 'N'),
(373, 9, 13, 0, 0, 0, 0, 0, 'N'),
(374, 9, 14, 0, 0, 0, 0, 0, 'N'),
(375, 9, 15, 0, 0, 0, 0, 0, 'N'),
(376, 9, 16, 0, 0, 0, 0, 0, 'N'),
(377, 9, 17, 0, 0, 0, 0, 0, 'N'),
(378, 9, 18, 0, 0, 0, 0, 0, 'N'),
(379, 9, 19, 0, 0, 0, 0, 0, 'N'),
(380, 9, 20, 0, 0, 0, 0, 0, 'N'),
(381, 9, 21, 0, 0, 0, 0, 0, 'N'),
(382, 9, 22, 0, 0, 0, 0, 0, 'N'),
(383, 9, 23, 0, 0, 0, 0, 0, 'N'),
(384, 9, 24, 0, 0, 0, 0, 0, 'N'),
(385, 9, 25, 0, 0, 0, 0, 0, 'N'),
(386, 9, 26, 0, 0, 0, 0, 0, 'N'),
(387, 9, 27, 0, 0, 0, 0, 0, 'N'),
(388, 9, 28, 0, 0, 0, 0, 0, 'N'),
(389, 9, 29, 0, 0, 0, 0, 0, 'N'),
(390, 9, 30, 0, 0, 0, 0, 0, 'N'),
(391, 9, 31, 0, 0, 0, 0, 0, 'N'),
(392, 9, 32, 0, 0, 0, 0, 0, 'N'),
(393, 9, 33, 0, 0, 0, 0, 0, 'N'),
(394, 9, 34, 0, 0, 0, 0, 0, 'N'),
(395, 9, 35, 0, 0, 0, 0, 0, 'N'),
(396, 9, 36, 0, 0, 0, 0, 0, 'N'),
(397, 9, 37, 0, 0, 0, 0, 0, 'N'),
(398, 9, 38, 0, 0, 0, 0, 0, 'N'),
(399, 9, 39, 0, 0, 0, 0, 0, 'N'),
(400, 9, 40, 0, 0, 0, 0, 0, 'N'),
(401, 9, 41, 0, 0, 0, 0, 0, 'N'),
(402, 9, 42, 0, 0, 0, 0, 0, 'N'),
(403, 9, 43, 0, 0, 0, 0, 0, 'N'),
(404, 9, 44, 0, 0, 0, 0, 0, 'N'),
(405, 9, 45, 0, 0, 0, 0, 0, 'N'),
(406, 10, 1, 0, 0, 0, 0, 0, 'N'),
(407, 10, 2, 0, 0, 0, 0, 0, 'N'),
(408, 10, 3, 0, 0, 0, 0, 0, 'N'),
(409, 10, 4, 0, 0, 0, 0, 0, 'N'),
(410, 10, 5, 0, 0, 0, 0, 0, 'N'),
(411, 10, 6, 0, 0, 0, 0, 0, 'N'),
(412, 10, 7, 0, 0, 0, 0, 0, 'N'),
(413, 10, 8, 0, 0, 0, 0, 0, 'N'),
(414, 10, 9, 0, 0, 0, 0, 0, 'N'),
(415, 10, 10, 0, 0, 0, 0, 0, 'N'),
(416, 10, 11, 0, 0, 0, 0, 0, 'N'),
(417, 10, 12, 0, 0, 0, 0, 0, 'N'),
(418, 10, 13, 0, 0, 0, 0, 0, 'N'),
(419, 10, 14, 0, 0, 0, 0, 0, 'N'),
(420, 10, 15, 0, 0, 0, 0, 0, 'N'),
(421, 10, 16, 0, 0, 0, 0, 0, 'N'),
(422, 10, 17, 0, 0, 0, 0, 0, 'N'),
(423, 10, 18, 0, 0, 0, 0, 0, 'N'),
(424, 10, 19, 0, 0, 0, 0, 0, 'N'),
(425, 10, 20, 0, 0, 0, 0, 0, 'N'),
(426, 10, 21, 0, 0, 0, 0, 0, 'N'),
(427, 10, 22, 0, 0, 0, 0, 0, 'N'),
(428, 10, 23, 0, 0, 0, 0, 0, 'N'),
(429, 10, 24, 0, 0, 0, 0, 0, 'N'),
(430, 10, 25, 0, 0, 0, 0, 0, 'N'),
(431, 10, 26, 0, 0, 0, 0, 0, 'N'),
(432, 10, 27, 0, 0, 0, 0, 0, 'N'),
(433, 10, 28, 0, 0, 0, 0, 0, 'N'),
(434, 10, 29, 0, 0, 0, 0, 0, 'N'),
(435, 10, 30, 0, 0, 0, 0, 0, 'N'),
(436, 10, 31, 0, 0, 0, 0, 0, 'N'),
(437, 10, 32, 0, 0, 0, 0, 0, 'N'),
(438, 10, 33, 0, 0, 0, 0, 0, 'N'),
(439, 10, 34, 0, 0, 0, 0, 0, 'N'),
(440, 10, 35, 0, 0, 0, 0, 0, 'N'),
(441, 10, 36, 0, 0, 0, 0, 0, 'N'),
(442, 10, 37, 0, 0, 0, 0, 0, 'N'),
(443, 10, 38, 0, 0, 0, 0, 0, 'N'),
(444, 10, 39, 0, 0, 0, 0, 0, 'N'),
(445, 10, 40, 0, 0, 0, 0, 0, 'N'),
(446, 10, 41, 0, 0, 0, 0, 0, 'N'),
(447, 10, 42, 0, 0, 0, 0, 0, 'N'),
(448, 10, 43, 0, 0, 0, 0, 0, 'N'),
(449, 10, 44, 0, 0, 0, 0, 0, 'N'),
(450, 10, 45, 0, 0, 0, 0, 0, 'N'),
(451, 11, 1, 0, 0, 0, 0, 0, 'N'),
(452, 11, 2, 0, 0, 0, 0, 0, 'N'),
(453, 11, 3, 0, 0, 0, 0, 0, 'N'),
(454, 11, 4, 0, 0, 0, 0, 0, 'N'),
(455, 11, 5, 0, 0, 0, 0, 0, 'N'),
(456, 11, 6, 0, 0, 0, 0, 0, 'N'),
(457, 11, 7, 0, 0, 0, 0, 0, 'N'),
(458, 11, 8, 0, 0, 0, 0, 0, 'N'),
(459, 11, 9, 0, 0, 0, 0, 0, 'N'),
(460, 11, 10, 0, 0, 0, 0, 0, 'N'),
(461, 11, 11, 0, 0, 0, 0, 0, 'N'),
(462, 11, 12, 0, 0, 0, 0, 0, 'N'),
(463, 11, 13, 0, 0, 0, 0, 0, 'N'),
(464, 11, 14, 0, 0, 0, 0, 0, 'N'),
(465, 11, 15, 0, 0, 0, 0, 0, 'N'),
(466, 11, 16, 0, 0, 0, 0, 0, 'N'),
(467, 11, 17, 0, 0, 0, 0, 0, 'N'),
(468, 11, 18, 0, 0, 0, 0, 0, 'N'),
(469, 11, 19, 0, 0, 0, 0, 0, 'N'),
(470, 11, 20, 0, 0, 0, 0, 0, 'N'),
(471, 11, 21, 0, 0, 0, 0, 0, 'N'),
(472, 11, 22, 0, 0, 0, 0, 0, 'N'),
(473, 11, 23, 0, 0, 0, 0, 0, 'N'),
(474, 11, 24, 0, 0, 0, 0, 0, 'N'),
(475, 11, 25, 0, 0, 0, 0, 0, 'N'),
(476, 11, 26, 0, 0, 0, 0, 0, 'N'),
(477, 11, 27, 0, 0, 0, 0, 0, 'N'),
(478, 11, 28, 0, 0, 0, 0, 0, 'N'),
(479, 11, 29, 0, 0, 0, 0, 0, 'N'),
(480, 11, 30, 0, 0, 0, 0, 0, 'N'),
(481, 11, 31, 0, 0, 0, 0, 0, 'N'),
(482, 11, 32, 0, 0, 0, 0, 0, 'N'),
(483, 11, 33, 0, 0, 0, 0, 0, 'N'),
(484, 11, 34, 0, 0, 0, 0, 0, 'N'),
(485, 11, 35, 0, 0, 0, 0, 0, 'N'),
(486, 11, 36, 0, 0, 0, 0, 0, 'N'),
(487, 11, 37, 0, 0, 0, 0, 0, 'N'),
(488, 11, 38, 0, 0, 0, 0, 0, 'N'),
(489, 11, 39, 0, 0, 0, 0, 0, 'N'),
(490, 11, 40, 0, 0, 0, 0, 0, 'N'),
(491, 11, 41, 0, 0, 0, 0, 0, 'N'),
(492, 11, 42, 0, 0, 0, 0, 0, 'N'),
(493, 11, 43, 0, 0, 0, 0, 0, 'N'),
(494, 11, 44, 0, 0, 0, 0, 0, 'N'),
(495, 11, 45, 0, 0, 0, 0, 0, 'N'),
(496, 12, 1, 0, 0, 0, 0, 0, 'N'),
(497, 12, 2, 0, 0, 0, 0, 0, 'N'),
(498, 12, 3, 0, 0, 0, 0, 0, 'N'),
(499, 12, 4, 0, 0, 0, 0, 0, 'N'),
(500, 12, 5, 0, 0, 0, 0, 0, 'N'),
(501, 12, 6, 0, 0, 0, 0, 0, 'N'),
(502, 12, 7, 0, 0, 0, 0, 0, 'N'),
(503, 12, 8, 0, 0, 0, 0, 0, 'N'),
(504, 12, 9, 0, 0, 0, 0, 0, 'N'),
(505, 12, 10, 0, 0, 0, 0, 0, 'N'),
(506, 12, 11, 0, 0, 0, 0, 0, 'N'),
(507, 12, 12, 0, 0, 0, 0, 0, 'N'),
(508, 12, 13, 0, 0, 0, 0, 0, 'N'),
(509, 12, 14, 0, 0, 0, 0, 0, 'N'),
(510, 12, 15, 0, 0, 0, 0, 0, 'N'),
(511, 12, 16, 0, 0, 0, 0, 0, 'N'),
(512, 12, 17, 0, 0, 0, 0, 0, 'N'),
(513, 12, 18, 0, 0, 0, 0, 0, 'N'),
(514, 12, 19, 0, 0, 0, 0, 0, 'N'),
(515, 12, 20, 0, 0, 0, 0, 0, 'N'),
(516, 12, 21, 0, 0, 0, 0, 0, 'N'),
(517, 12, 22, 0, 0, 0, 0, 0, 'N'),
(518, 12, 23, 0, 0, 0, 0, 0, 'N'),
(519, 12, 24, 0, 0, 0, 0, 0, 'N'),
(520, 12, 25, 0, 0, 0, 0, 0, 'N'),
(521, 12, 26, 0, 0, 0, 0, 0, 'N'),
(522, 12, 27, 0, 0, 0, 0, 0, 'N'),
(523, 12, 28, 0, 0, 0, 0, 0, 'N'),
(524, 12, 29, 0, 0, 0, 0, 0, 'N'),
(525, 12, 30, 0, 0, 0, 0, 0, 'N'),
(526, 12, 31, 0, 0, 0, 0, 0, 'N'),
(527, 12, 32, 0, 0, 0, 0, 0, 'N'),
(528, 12, 33, 0, 0, 0, 0, 0, 'N'),
(529, 12, 34, 0, 0, 0, 0, 0, 'N'),
(530, 12, 35, 0, 0, 0, 0, 0, 'N'),
(531, 12, 36, 0, 0, 0, 0, 0, 'N'),
(532, 12, 37, 0, 0, 0, 0, 0, 'N'),
(533, 12, 38, 0, 0, 0, 0, 0, 'N'),
(534, 12, 39, 0, 0, 0, 0, 0, 'N'),
(535, 12, 40, 0, 0, 0, 0, 0, 'N'),
(536, 12, 41, 0, 0, 0, 0, 0, 'N'),
(537, 12, 42, 0, 0, 0, 0, 0, 'N'),
(538, 12, 43, 0, 0, 0, 0, 0, 'N'),
(539, 12, 44, 0, 0, 0, 0, 0, 'N'),
(540, 12, 45, 0, 0, 0, 0, 0, 'N'),
(541, 13, 1, 0, 0, 0, 0, 0, 'N'),
(542, 13, 2, 0, 0, 0, 0, 0, 'N'),
(543, 13, 3, 0, 0, 0, 0, 0, 'N'),
(544, 13, 4, 0, 0, 0, 0, 0, 'N'),
(545, 13, 5, 0, 0, 0, 0, 0, 'N'),
(546, 13, 6, 0, 0, 0, 0, 0, 'N'),
(547, 13, 7, 0, 0, 0, 0, 0, 'N'),
(548, 13, 8, 0, 0, 0, 0, 0, 'N'),
(549, 13, 9, 0, 0, 0, 0, 0, 'N'),
(550, 13, 10, 0, 0, 0, 0, 0, 'N'),
(551, 13, 11, 0, 0, 0, 0, 0, 'N'),
(552, 13, 12, 0, 0, 0, 0, 0, 'N'),
(553, 13, 13, 0, 0, 0, 0, 0, 'N'),
(554, 13, 14, 0, 0, 0, 0, 0, 'N'),
(555, 13, 15, 0, 0, 0, 0, 0, 'N'),
(556, 13, 16, 0, 0, 0, 0, 0, 'N'),
(557, 13, 17, 0, 0, 0, 0, 0, 'N'),
(558, 13, 18, 0, 0, 0, 0, 0, 'N'),
(559, 13, 19, 0, 0, 0, 0, 0, 'N'),
(560, 13, 20, 0, 0, 0, 0, 0, 'N'),
(561, 13, 21, 0, 0, 0, 0, 0, 'N'),
(562, 13, 22, 0, 0, 0, 0, 0, 'N'),
(563, 13, 23, 0, 0, 0, 0, 0, 'N'),
(564, 13, 24, 0, 0, 0, 0, 0, 'N'),
(565, 13, 25, 0, 0, 0, 0, 0, 'N'),
(566, 13, 26, 0, 0, 0, 0, 0, 'N'),
(567, 13, 27, 0, 0, 0, 0, 0, 'N'),
(568, 13, 28, 0, 0, 0, 0, 0, 'N'),
(569, 13, 29, 0, 0, 0, 0, 0, 'N'),
(570, 13, 30, 0, 0, 0, 0, 0, 'N'),
(571, 13, 31, 0, 0, 0, 0, 0, 'N'),
(572, 13, 32, 0, 0, 0, 0, 0, 'N'),
(573, 13, 33, 0, 0, 0, 0, 0, 'N'),
(574, 13, 34, 0, 0, 0, 0, 0, 'N'),
(575, 13, 35, 0, 0, 0, 0, 0, 'N'),
(576, 13, 36, 0, 0, 0, 0, 0, 'N'),
(577, 13, 37, 0, 0, 0, 0, 0, 'N'),
(578, 13, 38, 0, 0, 0, 0, 0, 'N'),
(579, 13, 39, 0, 0, 0, 0, 0, 'N'),
(580, 13, 40, 0, 0, 0, 0, 0, 'N'),
(581, 13, 41, 0, 0, 0, 0, 0, 'N'),
(582, 13, 42, 0, 0, 0, 0, 0, 'N'),
(583, 13, 43, 0, 0, 0, 0, 0, 'N'),
(584, 13, 44, 0, 0, 0, 0, 0, 'N'),
(585, 13, 45, 0, 0, 0, 0, 0, 'N'),
(586, 14, 1, 0, 0, 0, 0, 0, 'N'),
(587, 14, 2, 0, 0, 0, 0, 0, 'N'),
(588, 14, 3, 0, 0, 0, 0, 0, 'N'),
(589, 14, 4, 0, 0, 0, 0, 0, 'N'),
(590, 14, 5, 0, 0, 0, 0, 0, 'N'),
(591, 14, 6, 0, 0, 0, 0, 0, 'N'),
(592, 14, 7, 0, 0, 0, 0, 0, 'N'),
(593, 14, 8, 0, 0, 0, 0, 0, 'N'),
(594, 14, 9, 0, 0, 0, 0, 0, 'N'),
(595, 14, 10, 0, 0, 0, 0, 0, 'N'),
(596, 14, 11, 0, 0, 0, 0, 0, 'N'),
(597, 14, 12, 0, 0, 0, 0, 0, 'N'),
(598, 14, 13, 0, 0, 0, 0, 0, 'N'),
(599, 14, 14, 0, 0, 0, 0, 0, 'N'),
(600, 14, 15, 0, 0, 0, 0, 0, 'N'),
(601, 14, 16, 0, 0, 0, 0, 0, 'N'),
(602, 14, 17, 0, 0, 0, 0, 0, 'N'),
(603, 14, 18, 0, 0, 0, 0, 0, 'N'),
(604, 14, 19, 0, 0, 0, 0, 0, 'N'),
(605, 14, 20, 0, 0, 0, 0, 0, 'N'),
(606, 14, 21, 0, 0, 0, 0, 0, 'N'),
(607, 14, 22, 0, 0, 0, 0, 0, 'N'),
(608, 14, 23, 0, 0, 0, 0, 0, 'N'),
(609, 14, 24, 0, 0, 0, 0, 0, 'N'),
(610, 14, 25, 0, 0, 0, 0, 0, 'N'),
(611, 14, 26, 0, 0, 0, 0, 0, 'N'),
(612, 14, 27, 0, 0, 0, 0, 0, 'N'),
(613, 14, 28, 0, 0, 0, 0, 0, 'N'),
(614, 14, 29, 0, 0, 0, 0, 0, 'N'),
(615, 14, 30, 0, 0, 0, 0, 0, 'N'),
(616, 14, 31, 0, 0, 0, 0, 0, 'N'),
(617, 14, 32, 0, 0, 0, 0, 0, 'N'),
(618, 14, 33, 0, 0, 0, 0, 0, 'N'),
(619, 14, 34, 0, 0, 0, 0, 0, 'N'),
(620, 14, 35, 0, 0, 0, 0, 0, 'N'),
(621, 14, 36, 0, 0, 0, 0, 0, 'N'),
(622, 14, 37, 0, 0, 0, 0, 0, 'N'),
(623, 14, 38, 0, 0, 0, 0, 0, 'N'),
(624, 14, 39, 0, 0, 0, 0, 0, 'N'),
(625, 14, 40, 0, 0, 0, 0, 0, 'N'),
(626, 14, 41, 0, 0, 0, 0, 0, 'N'),
(627, 14, 42, 0, 0, 0, 0, 0, 'N'),
(628, 14, 43, 0, 0, 0, 0, 0, 'N'),
(629, 14, 44, 0, 0, 0, 0, 0, 'N'),
(630, 14, 45, 0, 0, 0, 0, 0, 'N'),
(631, 15, 1, 0, 0, 0, 0, 0, 'N'),
(632, 15, 2, 0, 0, 0, 0, 0, 'N'),
(633, 15, 3, 0, 0, 0, 0, 0, 'N'),
(634, 15, 4, 0, 0, 0, 0, 0, 'N'),
(635, 15, 5, 0, 0, 0, 0, 0, 'N'),
(636, 15, 6, 0, 0, 0, 0, 0, 'N'),
(637, 15, 7, 0, 0, 0, 0, 0, 'N'),
(638, 15, 8, 0, 0, 0, 0, 0, 'N'),
(639, 15, 9, 0, 0, 0, 0, 0, 'N'),
(640, 15, 10, 0, 0, 0, 0, 0, 'N'),
(641, 15, 11, 0, 0, 0, 0, 0, 'N'),
(642, 15, 12, 0, 0, 0, 0, 0, 'N'),
(643, 15, 13, 0, 0, 0, 0, 0, 'N'),
(644, 15, 14, 0, 0, 0, 0, 0, 'N'),
(645, 15, 15, 0, 0, 0, 0, 0, 'N'),
(646, 15, 16, 0, 0, 0, 0, 0, 'N'),
(647, 15, 17, 0, 0, 0, 0, 0, 'N'),
(648, 15, 18, 0, 0, 0, 0, 0, 'N'),
(649, 15, 19, 0, 0, 0, 0, 0, 'N'),
(650, 15, 20, 0, 0, 0, 0, 0, 'N'),
(651, 15, 21, 0, 0, 0, 0, 0, 'N'),
(652, 15, 22, 0, 0, 0, 0, 0, 'N'),
(653, 15, 23, 0, 0, 0, 0, 0, 'N'),
(654, 15, 24, 0, 0, 0, 0, 0, 'N'),
(655, 15, 25, 0, 0, 0, 0, 0, 'N'),
(656, 15, 26, 0, 0, 0, 0, 0, 'N'),
(657, 15, 27, 0, 0, 0, 0, 0, 'N'),
(658, 15, 28, 0, 0, 0, 0, 0, 'N'),
(659, 15, 29, 0, 0, 0, 0, 0, 'N'),
(660, 15, 30, 0, 0, 0, 0, 0, 'N'),
(661, 15, 31, 0, 0, 0, 0, 0, 'N'),
(662, 15, 32, 0, 0, 0, 0, 0, 'N'),
(663, 15, 33, 0, 0, 0, 0, 0, 'N'),
(664, 15, 34, 0, 0, 0, 0, 0, 'N'),
(665, 15, 35, 0, 0, 0, 0, 0, 'N'),
(666, 15, 36, 0, 0, 0, 0, 0, 'N'),
(667, 15, 37, 0, 0, 0, 0, 0, 'N'),
(668, 15, 38, 0, 0, 0, 0, 0, 'N'),
(669, 15, 39, 0, 0, 0, 0, 0, 'N'),
(670, 15, 40, 0, 0, 0, 0, 0, 'N'),
(671, 15, 41, 0, 0, 0, 0, 0, 'N'),
(672, 15, 42, 0, 0, 0, 0, 0, 'N'),
(673, 15, 43, 0, 0, 0, 0, 0, 'N'),
(674, 15, 44, 0, 0, 0, 0, 0, 'N'),
(675, 15, 45, 0, 0, 0, 0, 0, 'N'),
(676, 16, 1, 0, 0, 0, 0, 0, 'N'),
(677, 16, 2, 0, 0, 0, 0, 0, 'N'),
(678, 16, 3, 0, 0, 0, 0, 0, 'N'),
(679, 16, 4, 0, 0, 0, 0, 0, 'N'),
(680, 16, 5, 0, 0, 0, 0, 0, 'N'),
(681, 16, 6, 0, 0, 0, 0, 0, 'N'),
(682, 16, 7, 0, 0, 0, 0, 0, 'N'),
(683, 16, 8, 0, 0, 0, 0, 0, 'N'),
(684, 16, 9, 0, 0, 0, 0, 0, 'N'),
(685, 16, 10, 0, 0, 0, 0, 0, 'N'),
(686, 16, 11, 0, 0, 0, 0, 0, 'N'),
(687, 16, 12, 0, 0, 0, 0, 0, 'N'),
(688, 16, 13, 0, 0, 0, 0, 0, 'N'),
(689, 16, 14, 0, 0, 0, 0, 0, 'N'),
(690, 16, 15, 0, 0, 0, 0, 0, 'N'),
(691, 16, 16, 0, 0, 0, 0, 0, 'N'),
(692, 16, 17, 0, 0, 0, 0, 0, 'N'),
(693, 16, 18, 0, 0, 0, 0, 0, 'N'),
(694, 16, 19, 0, 0, 0, 0, 0, 'N'),
(695, 16, 20, 0, 0, 0, 0, 0, 'N'),
(696, 16, 21, 0, 0, 0, 0, 0, 'N'),
(697, 16, 22, 0, 0, 0, 0, 0, 'N'),
(698, 16, 23, 0, 0, 0, 0, 0, 'N'),
(699, 16, 24, 0, 0, 0, 0, 0, 'N'),
(700, 16, 25, 0, 0, 0, 0, 0, 'N'),
(701, 16, 26, 0, 0, 0, 0, 0, 'N'),
(702, 16, 27, 0, 0, 0, 0, 0, 'N'),
(703, 16, 28, 0, 0, 0, 0, 0, 'N'),
(704, 16, 29, 0, 0, 0, 0, 0, 'N'),
(705, 16, 30, 0, 0, 0, 0, 0, 'N'),
(706, 16, 31, 0, 0, 0, 0, 0, 'N'),
(707, 16, 32, 0, 0, 0, 0, 0, 'N'),
(708, 16, 33, 0, 0, 0, 0, 0, 'N'),
(709, 16, 34, 0, 0, 0, 0, 0, 'N'),
(710, 16, 35, 0, 0, 0, 0, 0, 'N'),
(711, 16, 36, 0, 0, 0, 0, 0, 'N'),
(712, 16, 37, 0, 0, 0, 0, 0, 'N'),
(713, 16, 38, 0, 0, 0, 0, 0, 'N'),
(714, 16, 39, 0, 0, 0, 0, 0, 'N'),
(715, 16, 40, 0, 0, 0, 0, 0, 'N'),
(716, 16, 41, 0, 0, 0, 0, 0, 'N'),
(717, 16, 42, 0, 0, 0, 0, 0, 'N'),
(718, 16, 43, 0, 0, 0, 0, 0, 'N'),
(719, 16, 44, 0, 0, 0, 0, 0, 'N'),
(720, 16, 45, 0, 0, 0, 0, 0, 'N'),
(721, 17, 1, 0, 0, 0, 0, 0, 'N'),
(722, 17, 2, 0, 0, 0, 0, 0, 'N'),
(723, 17, 3, 0, 0, 0, 0, 0, 'N'),
(724, 17, 4, 0, 0, 0, 0, 0, 'N'),
(725, 17, 5, 0, 0, 0, 0, 0, 'N'),
(726, 17, 6, 0, 0, 0, 0, 0, 'N'),
(727, 17, 7, 0, 0, 0, 0, 0, 'N'),
(728, 17, 8, 0, 0, 0, 0, 0, 'N'),
(729, 17, 9, 0, 0, 0, 0, 0, 'N'),
(730, 17, 10, 0, 0, 0, 0, 0, 'N'),
(731, 17, 11, 0, 0, 0, 0, 0, 'N'),
(732, 17, 12, 0, 0, 0, 0, 0, 'N'),
(733, 17, 13, 0, 0, 0, 0, 0, 'N'),
(734, 17, 14, 0, 0, 0, 0, 0, 'N'),
(735, 17, 15, 0, 0, 0, 0, 0, 'N'),
(736, 17, 16, 0, 0, 0, 0, 0, 'N'),
(737, 17, 17, 0, 0, 0, 0, 0, 'N'),
(738, 17, 18, 0, 0, 0, 0, 0, 'N'),
(739, 17, 19, 0, 0, 0, 0, 0, 'N'),
(740, 17, 20, 0, 0, 0, 0, 0, 'N'),
(741, 17, 21, 0, 0, 0, 0, 0, 'N'),
(742, 17, 22, 0, 0, 0, 0, 0, 'N'),
(743, 17, 23, 0, 0, 0, 0, 0, 'N'),
(744, 17, 24, 0, 0, 0, 0, 0, 'N'),
(745, 17, 25, 0, 0, 0, 0, 0, 'N'),
(746, 17, 26, 0, 0, 0, 0, 0, 'N'),
(747, 17, 27, 0, 0, 0, 0, 0, 'N'),
(748, 17, 28, 0, 0, 0, 0, 0, 'N'),
(749, 17, 29, 0, 0, 0, 0, 0, 'N'),
(750, 17, 30, 0, 0, 0, 0, 0, 'N'),
(751, 17, 31, 0, 0, 0, 0, 0, 'N'),
(752, 17, 32, 0, 0, 0, 0, 0, 'N'),
(753, 17, 33, 0, 0, 0, 0, 0, 'N'),
(754, 17, 34, 0, 0, 0, 0, 0, 'N'),
(755, 17, 35, 0, 0, 0, 0, 0, 'N'),
(756, 17, 36, 0, 0, 0, 0, 0, 'N'),
(757, 17, 37, 0, 0, 0, 0, 0, 'N'),
(758, 17, 38, 0, 0, 0, 0, 0, 'N'),
(759, 17, 39, 0, 0, 0, 0, 0, 'N'),
(760, 17, 40, 0, 0, 0, 0, 0, 'N'),
(761, 17, 41, 0, 0, 0, 0, 0, 'N'),
(762, 17, 42, 0, 0, 0, 0, 0, 'N'),
(763, 17, 43, 0, 0, 0, 0, 0, 'N'),
(764, 17, 44, 0, 0, 0, 0, 0, 'N'),
(765, 17, 45, 0, 0, 0, 0, 0, 'N'),
(766, 18, 1, 0, 0, 0, 0, 1, 'N'),
(767, 18, 2, 0, 0, 0, 0, 1, 'N'),
(768, 18, 3, 0, 0, 0, 0, 1, 'N'),
(769, 18, 4, 0, 0, 0, 0, 1, 'N'),
(770, 18, 5, 0, 0, 0, 0, 1, 'N'),
(771, 18, 6, 0, 0, 0, 0, 1, 'N'),
(772, 18, 7, 0, 0, 0, 0, 1, 'N'),
(773, 18, 8, 0, 0, 0, 0, 1, 'N'),
(774, 18, 9, 0, 0, 0, 0, 0, 'N'),
(775, 18, 10, 0, 0, 0, 0, 0, 'N'),
(776, 18, 11, 0, 0, 0, 0, 0, 'N'),
(777, 18, 12, 0, 0, 0, 0, 0, 'N'),
(778, 18, 13, 0, 0, 0, 0, 0, 'N'),
(779, 18, 14, 0, 0, 0, 0, 0, 'N'),
(780, 18, 15, 0, 0, 0, 0, 0, 'N'),
(781, 18, 16, 0, 0, 0, 0, 0, 'N'),
(782, 18, 17, 0, 0, 0, 0, 0, 'N'),
(783, 18, 18, 0, 0, 0, 0, 0, 'N'),
(784, 18, 19, 0, 0, 0, 0, 0, 'N'),
(785, 18, 20, 0, 0, 0, 0, 0, 'N'),
(786, 18, 21, 0, 0, 0, 0, 0, 'N'),
(787, 18, 22, 0, 0, 0, 0, 0, 'N'),
(788, 18, 23, 0, 0, 0, 0, 0, 'N'),
(789, 18, 24, 0, 0, 0, 0, 0, 'N'),
(790, 18, 25, 0, 0, 0, 0, 0, 'N'),
(791, 18, 26, 0, 0, 0, 0, 0, 'N'),
(792, 18, 27, 0, 0, 0, 0, 0, 'N'),
(793, 18, 28, 0, 0, 0, 0, 0, 'N'),
(794, 18, 29, 0, 0, 0, 0, 0, 'N'),
(795, 18, 30, 0, 0, 0, 0, 0, 'N'),
(796, 18, 31, 0, 0, 0, 0, 0, 'N'),
(797, 18, 32, 0, 0, 0, 0, 0, 'N'),
(798, 18, 33, 0, 0, 0, 0, 0, 'N'),
(799, 18, 34, 0, 0, 0, 0, 0, 'N'),
(800, 18, 35, 0, 0, 0, 0, 0, 'N'),
(801, 18, 36, 0, 0, 0, 0, 0, 'N'),
(802, 18, 37, 0, 0, 0, 0, 0, 'N'),
(803, 18, 38, 0, 0, 0, 0, 0, 'N'),
(804, 18, 39, 0, 0, 0, 0, 0, 'N'),
(805, 18, 40, 0, 0, 0, 0, 0, 'N'),
(806, 18, 41, 0, 0, 0, 0, 0, 'N'),
(807, 18, 42, 0, 0, 0, 0, 0, 'N'),
(808, 18, 43, 0, 0, 0, 0, 0, 'N'),
(809, 18, 44, 0, 0, 0, 0, 0, 'N'),
(810, 18, 45, 0, 0, 0, 0, 0, 'N'),
(811, 19, 1, 0, 0, 0, 0, 0, 'N'),
(812, 19, 2, 0, 0, 0, 0, 0, 'N'),
(813, 19, 3, 0, 0, 0, 0, 0, 'N'),
(814, 19, 4, 0, 0, 0, 0, 0, 'N'),
(815, 19, 5, 0, 0, 0, 0, 0, 'N'),
(816, 19, 6, 0, 0, 0, 0, 0, 'N'),
(817, 19, 7, 0, 0, 0, 0, 0, 'N'),
(818, 19, 8, 0, 0, 0, 0, 0, 'N'),
(819, 19, 9, 0, 0, 0, 0, 0, 'N'),
(820, 19, 10, 0, 0, 0, 0, 0, 'N'),
(821, 19, 11, 0, 0, 0, 0, 0, 'N'),
(822, 19, 12, 0, 0, 0, 0, 0, 'N'),
(823, 19, 13, 0, 0, 0, 0, 0, 'N'),
(824, 19, 14, 0, 0, 0, 0, 0, 'N'),
(825, 19, 15, 0, 0, 0, 0, 0, 'N'),
(826, 19, 16, 0, 0, 0, 0, 0, 'N'),
(827, 19, 17, 0, 0, 0, 0, 0, 'N'),
(828, 19, 18, 0, 0, 0, 0, 0, 'N'),
(829, 19, 19, 0, 0, 0, 0, 0, 'N'),
(830, 19, 20, 0, 0, 0, 0, 0, 'N'),
(831, 19, 21, 0, 0, 0, 0, 0, 'N'),
(832, 19, 22, 0, 0, 0, 0, 0, 'N'),
(833, 19, 23, 0, 0, 0, 0, 0, 'N'),
(834, 19, 24, 0, 0, 0, 0, 0, 'N'),
(835, 19, 25, 0, 0, 0, 0, 0, 'N'),
(836, 19, 26, 0, 0, 0, 0, 0, 'N'),
(837, 19, 27, 0, 0, 0, 0, 0, 'N'),
(838, 19, 28, 0, 0, 0, 0, 0, 'N'),
(839, 19, 29, 0, 0, 0, 0, 0, 'N'),
(840, 19, 30, 0, 0, 0, 0, 0, 'N'),
(841, 19, 31, 0, 0, 0, 0, 0, 'N'),
(842, 19, 32, 0, 0, 0, 0, 0, 'N'),
(843, 19, 33, 0, 0, 0, 0, 0, 'N'),
(844, 19, 34, 0, 0, 0, 0, 0, 'N'),
(845, 19, 35, 0, 0, 0, 0, 0, 'N'),
(846, 19, 36, 0, 0, 0, 0, 0, 'N'),
(847, 19, 37, 0, 0, 0, 0, 0, 'N'),
(848, 19, 38, 0, 0, 0, 0, 0, 'N'),
(849, 19, 39, 0, 0, 0, 0, 0, 'N'),
(850, 19, 40, 0, 0, 0, 0, 0, 'N'),
(851, 19, 41, 0, 0, 0, 0, 0, 'N'),
(852, 19, 42, 0, 0, 0, 0, 0, 'N'),
(853, 19, 43, 0, 0, 0, 0, 0, 'N'),
(854, 19, 44, 0, 0, 0, 0, 0, 'N'),
(855, 19, 45, 0, 0, 0, 0, 0, 'N'),
(856, 20, 1, 0, 0, 0, 0, 1, 'N'),
(857, 20, 2, 0, 0, 0, 0, 1, 'N'),
(858, 20, 3, 0, 0, 0, 0, 1, 'N'),
(859, 20, 4, 0, 0, 0, 0, 1, 'N'),
(860, 20, 5, 0, 0, 0, 0, 1, 'N'),
(861, 20, 6, 0, 0, 0, 0, 1, 'N'),
(862, 20, 7, 0, 0, 0, 0, 1, 'N'),
(863, 20, 8, 0, 0, 0, 0, 1, 'N'),
(864, 20, 9, 0, 0, 0, 0, 1, 'N'),
(865, 20, 10, 0, 0, 0, 0, 1, 'N'),
(866, 20, 11, 0, 0, 0, 0, 1, 'N'),
(867, 20, 12, 0, 0, 0, 0, 1, 'N'),
(868, 20, 13, 0, 0, 0, 0, 1, 'N'),
(869, 20, 14, 0, 0, 0, 0, 1, 'N'),
(870, 20, 15, 0, 0, 0, 0, 1, 'N'),
(871, 20, 16, 0, 0, 0, 0, 1, 'N'),
(872, 20, 17, 0, 0, 0, 0, 1, 'N'),
(873, 20, 18, 0, 0, 0, 0, 1, 'N'),
(874, 20, 19, 0, 0, 0, 0, 1, 'N'),
(875, 20, 20, 0, 0, 0, 0, 1, 'N'),
(876, 20, 21, 0, 0, 0, 0, 1, 'N'),
(877, 20, 22, 0, 0, 0, 0, 1, 'N'),
(878, 20, 23, 0, 0, 0, 0, 1, 'N'),
(879, 20, 24, 0, 0, 0, 0, 1, 'N'),
(880, 20, 25, 0, 0, 0, 0, 1, 'N'),
(881, 20, 26, 0, 0, 0, 0, 1, 'N'),
(882, 20, 27, 0, 0, 0, 0, 1, 'N'),
(883, 20, 28, 0, 0, 0, 0, 1, 'N'),
(884, 20, 29, 0, 0, 0, 0, 1, 'N'),
(885, 20, 30, 0, 0, 0, 0, 1, 'N'),
(886, 20, 31, 0, 0, 0, 0, 1, 'N'),
(887, 20, 32, 0, 0, 0, 0, 1, 'N'),
(888, 20, 33, 0, 0, 0, 0, 1, 'N'),
(889, 20, 34, 0, 0, 0, 0, 0, 'N'),
(890, 20, 35, 0, 0, 0, 0, 0, 'N'),
(891, 20, 36, 0, 0, 0, 0, 0, 'N'),
(892, 20, 37, 0, 0, 0, 0, 0, 'N'),
(893, 20, 38, 0, 0, 0, 0, 0, 'N'),
(894, 20, 39, 0, 0, 0, 0, 0, 'N'),
(895, 20, 40, 0, 0, 0, 0, 0, 'N'),
(896, 20, 41, 0, 0, 0, 0, 0, 'N'),
(897, 20, 42, 0, 0, 0, 0, 0, 'N'),
(898, 20, 43, 0, 0, 0, 0, 0, 'N'),
(899, 20, 44, 0, 0, 0, 0, 0, 'N'),
(900, 20, 45, 0, 0, 0, 0, 0, 'N');

--
-- Indexes for dumped tables
--

--
-- Indexes for table `tbl_absensi`
--
ALTER TABLE `tbl_absensi`
 ADD PRIMARY KEY (`id_absensi`);

--
-- Indexes for table `tbl_ijin`
--
ALTER TABLE `tbl_ijin`
 ADD PRIMARY KEY (`id`);

--
-- Indexes for table `tbl_jabatan`
--
ALTER TABLE `tbl_jabatan`
 ADD PRIMARY KEY (`id_jabatan`);

--
-- Indexes for table `tbl_log`
--
ALTER TABLE `tbl_log`
 ADD PRIMARY KEY (`logID`);

--
-- Indexes for table `tbl_opd_lokasi`
--
ALTER TABLE `tbl_opd_lokasi`
 ADD PRIMARY KEY (`id_opd_lokasi`);

--
-- Indexes for table `tbl_parameter`
--
ALTER TABLE `tbl_parameter`
 ADD PRIMARY KEY (`name`,`id`), ADD KEY `description` (`description`);

--
-- Indexes for table `tbl_pegawai`
--
ALTER TABLE `tbl_pegawai`
 ADD PRIMARY KEY (`id_pegawai`);

--
-- Indexes for table `tbl_set_lokasi`
--
ALTER TABLE `tbl_set_lokasi`
 ADD PRIMARY KEY (`id_set_lokasi`);

--
-- Indexes for table `tbl_users`
--
ALTER TABLE `tbl_users`
 ADD PRIMARY KEY (`userID`);

--
-- Indexes for table `tbl_user_access`
--
ALTER TABLE `tbl_user_access`
 ADD PRIMARY KEY (`accessID`), ADD UNIQUE KEY `groupID` (`groupID`,`functionID`);

--
-- AUTO_INCREMENT for dumped tables
--

--
-- AUTO_INCREMENT for table `tbl_absensi`
--
ALTER TABLE `tbl_absensi`
MODIFY `id_absensi` int(11) NOT NULL AUTO_INCREMENT,AUTO_INCREMENT=4;
--
-- AUTO_INCREMENT for table `tbl_ijin`
--
ALTER TABLE `tbl_ijin`
MODIFY `id` int(11) NOT NULL AUTO_INCREMENT;
--
-- AUTO_INCREMENT for table `tbl_jabatan`
--
ALTER TABLE `tbl_jabatan`
MODIFY `id_jabatan` int(11) NOT NULL AUTO_INCREMENT,AUTO_INCREMENT=4;
--
-- AUTO_INCREMENT for table `tbl_log`
--
ALTER TABLE `tbl_log`
MODIFY `logID` int(11) NOT NULL AUTO_INCREMENT,AUTO_INCREMENT=374;
--
-- AUTO_INCREMENT for table `tbl_opd_lokasi`
--
ALTER TABLE `tbl_opd_lokasi`
MODIFY `id_opd_lokasi` int(11) NOT NULL AUTO_INCREMENT,AUTO_INCREMENT=90;
--
-- AUTO_INCREMENT for table `tbl_pegawai`
--
ALTER TABLE `tbl_pegawai`
MODIFY `id_pegawai` int(11) NOT NULL AUTO_INCREMENT,AUTO_INCREMENT=4;
--
-- AUTO_INCREMENT for table `tbl_set_lokasi`
--
ALTER TABLE `tbl_set_lokasi`
MODIFY `id_set_lokasi` int(11) NOT NULL AUTO_INCREMENT,AUTO_INCREMENT=11;
--
-- AUTO_INCREMENT for table `tbl_users`
--
ALTER TABLE `tbl_users`
MODIFY `userID` int(11) NOT NULL AUTO_INCREMENT,AUTO_INCREMENT=357;
--
-- AUTO_INCREMENT for table `tbl_user_access`
--
ALTER TABLE `tbl_user_access`
MODIFY `accessID` int(11) NOT NULL AUTO_INCREMENT,AUTO_INCREMENT=901;
/*!40101 SET CHARACTER_SET_CLIENT=@OLD_CHARACTER_SET_CLIENT */;
/*!40101 SET CHARACTER_SET_RESULTS=@OLD_CHARACTER_SET_RESULTS */;
/*!40101 SET COLLATION_CONNECTION=@OLD_COLLATION_CONNECTION */;
